brand_en,brand_ar,ingredients,strength,form,pack_size,manufacturer,categories,drug_class,use_en,fridge,controlled,confidence,source
Abilify,أبيليفاي,aripiprazole,10 mg,tablet,28 tablets,Otsuka,psychiatric,atypical antipsychotic,schizophrenia and bipolar disorder,no,no,medium,
Abilify,أبيليفاي,aripiprazole,5 mg,tablet,10 tablets,Otsuka,psychiatric,atypical antipsychotic,schizophrenia and bipolar disorder,no,no,high,https://dwaprices.com
Abimol,أبيمول,paracetamol,300 mg,suppository,5 suppositories,,analgesic,paracetamol analgesic,pain relief and fever reduction,no,no,high,http://egyptiandrugstore.com/index.php?route=product/product&product_id=1917
Abimol,أبيمول,paracetamol,500 mg,tablet,20 tablets,,analgesic,paracetamol analgesic,pain relief and fever reduction,no,no,high,http://egyptiandrugstore.com/index.php?route=product/product&product_id=2212
Abimol Extra,أبيمول اكسترا,paracetamol;caffeine,500/30 mg,tablet,20 tablets,,analgesic,paracetamol analgesic + caffeine,stronger pain relief with caffeine,no,no,high,http://egyptiandrugstore.com/index.php?route=product%2Fproduct&product_id=3600
Acetylcistein,اسيتيل سيستئين,acetylcysteine,200 mg,sachet,10 sachets,,respiratory,mucolytic,loosen mucus and ease cough,no,no,high,http://egyptiandrugstore.com/index.php?route=product/product&product_id=1865
Acetylcistein,اسيتيل سيستئين,acetylcysteine,600 mg,sachet,10 sachets,,respiratory,mucolytic,loosen mucus and ease cough,no,no,high,http://egyptiandrugstore.com/index.php?route=product/product&product_id=2707
Acretin,أكريتين,tretinoin,0.025%,cream,30 g,,dermatology,retinoid,acne treatment,no,no,high,https://tdawi.com/en_eg/catalogsearch/result/?q=tretinoin
Acretin,أكريتين,tretinoin,0.05%,cream,30 g,,dermatology,retinoid,acne treatment,no,no,high,https://tdawi.com/en_eg/catalogsearch/result/?q=tretinoin
Actos,اكتوس,pioglitazone,15 mg,tablet,30 tablets,Takeda,antidiabetic,thiazolidinedione,improves insulin sensitivity (diabetes),no,no,high,https://dwaprices.com/med.php?id=121
Actos,اكتوس,pioglitazone,30 mg,tablet,30 tablets,Takeda,antidiabetic,thiazolidinedione,improves insulin sensitivity (diabetes),no,no,high,https://dwaprices.com/med.php?id=122
Actozone,اكتوزون,pioglitazone,30 mg,tablet,10 tablets,,antidiabetic,thiazolidinedione,improves insulin sensitivity (diabetes),no,no,high,https://dwaprices.com/med.php?id=13442
Actrapid HM,اكترابيد اتش ام,insulin regular human,100 IU/mL,injection,,Novo Nordisk,antidiabetic,short-acting human insulin,controls blood sugar (diabetes),yes,no,medium,
Acular,اكيولار,ketorolac,0.5%,eye drops,5 mL,Allergan,ophthalmic;anti-inflammatory,NSAID,eye inflammation and pain,no,no,medium,
Acyclovir Stada,اسيكلوفير ستادا,acyclovir,400 mg,tablet,35 tablets,Stada,antiviral,nucleoside analogue,herpes virus infections,no,no,high,https://dwaprices.com/ause.php?id=12
Acyclovir Stada,اسيكلوفير ستادا,acyclovir,800 mg,tablet,35 tablets,Stada,antiviral,nucleoside analogue,herpes virus infections,no,no,high,https://dwaprices.com/ause.php?id=12
Adalat Oros,أدالات أوروس,nifedipine,30 mg,extended-release tablet,,Bayer,cardiac,calcium channel blocker,high blood pressure,no,no,medium,
Adalat Retard,أدالات ريتارد,nifedipine,20 mg,extended-release tablet,,Bayer,cardiac,calcium channel blocker,high blood pressure,no,no,medium,
Adancor,ادانكور,nicorandil,10 mg,tablet,30 tablets,,cardiac,potassium channel activator,chest pain (angina),no,no,high,https://dwaprices.com/med.php?id=144
Adancor,ادانكور,nicorandil,20 mg,tablet,30 tablets,,cardiac,potassium channel activator,chest pain (angina),no,no,high,https://dwaprices.com/med.php?id=13463
Adol,أدول,paracetamol,500 mg,tablet,24 tablets,,analgesic,paracetamol analgesic,pain relief and fever reduction,no,no,medium,
Aerius,ايريوس,desloratadine,5 mg,film-coated tablet,20 tablets,Bayer,allergy,antihistamine,allergy symptom relief,no,no,high,https://dwaprices.com/med.php?id=13559
Afrin,افرين,oxymetazoline,0.05%,nasal spray,15 mL,Bayer,ent,nasal decongestant,nasal congestion,no,no,medium,
Agovald,اجوفالد,agomelatine,25 mg,film-coated tablet,21 tablets,,psychiatric,melatonergic antidepressant,depression,no,no,high,https://dwaprices.com/ause.php?id=50
AIG Esomeprazole,ايه اي جي ايزوميبرازول,esomeprazole,40 mg,capsule,28 capsules,,gastric,proton pump inhibitor,reduce stomach acid,no,no,high,https://dwaprices.com/med.php?id=13590
Akineton,اكينيتون,biperiden,2 mg,tablet,,Abbott,neurology,anticholinergic,drug-induced tremor and stiffness,no,yes,medium,
Aknemycin,أكني ميسين,erythromycin,2%,ointment,,,dermatology,macrolide antibiotic,acne treatment,no,no,high,https://gardeniapharmacies.com/en/?s=erythromycin
Al-Capres,الكابرس,amlodipine,10 mg,tablet,30 tablets,,cardiac,calcium channel blocker,high blood pressure,no,no,high,https://dwaprices.com/similars.php?id=9016
Al-Capres,الكابرس,amlodipine,5 mg,tablet,20 tablets,,cardiac,calcium channel blocker,high blood pressure,no,no,high,https://dwaprices.com/similars.php?id=9016
Alcaine,الكايين,proparacaine,0.5%,eye drops,15 mL,Alcon,ophthalmic,topical anesthetic,numbing eye for procedures,no,no,medium,
Aldactone,الداكتون,spironolactone,100 mg,tablet,20 tablets,Pfizer,cardiac,potassium-sparing diuretic,"fluid retention, heart failure",no,no,high,https://dwaprices.com/med.php?id=266
Aldactone,الداكتون,spironolactone,25 mg,tablet,20 tablets,Pfizer,cardiac,potassium-sparing diuretic,"fluid retention, heart failure",no,no,high,https://dwaprices.com/med.php?id=268
Alendomax,الندوماكس,alendronate,70 mg,tablet,4 tablets,,endocrine,bisphosphonate,treats osteoporosis (bone thinning),no,no,high,https://dwaprices.com/med.php?id=13667
Alkapride,الكابرايد,itopride,50 mg,tablet,30 tablets,,gastric,prokinetic (dopamine antagonist),bloating and indigestion,no,no,high,https://dwaprices.com/med.php?id=357
Allergodil,الرجوديل,azelastine,0.1%,nasal spray,10 mL,,ent;allergy,antihistamine,nasal allergy congestion,no,no,medium,
Alphagan,الفاجان,brimonidine,0.2%,eye drops,5 mL,Allergan,ophthalmic,alpha-2 agonist,glaucoma eye pressure,no,no,medium,
Alzental,الزينتال,albendazole,400 mg,chewable tablet,1 tablet,EIPICO,antiparasitic,benzimidazole anthelmintic,intestinal worms,no,no,medium,
Alzental,الزينتال,albendazole,200 mg/5 mL,suspension,10 mL,EIPICO,antiparasitic,benzimidazole anthelmintic,intestinal worms,no,no,medium,
Amaryl,اماريل,glimepiride,1 mg,tablet,30 tablets,Sanofi,antidiabetic,sulfonylurea,lowers blood sugar (diabetes),no,no,medium,
Amaryl,اماريل,glimepiride,2 mg,tablet,30 tablets,Sanofi,antidiabetic,sulfonylurea,lowers blood sugar (diabetes),no,no,medium,
Amaryl,اماريل,glimepiride,3 mg,tablet,30 tablets,Sanofi,antidiabetic,sulfonylurea,lowers blood sugar (diabetes),no,no,medium,
Amaryl,اماريل,glimepiride,4 mg,tablet,30 tablets,Sanofi,antidiabetic,sulfonylurea,lowers blood sugar (diabetes),no,no,high,https://dwaprices.com/med.php?id=492
Amaryl M,اماريل ام,glimepiride;metformin,2/500 mg,film-coated tablet,30 tablets,Sanofi,antidiabetic,sulfonylurea + biguanide,lowers blood sugar (diabetes),no,no,high,https://dwaprices.com/med.php?id=493
Amikin,اميكين,amikacin,500 mg/2 mL,injection,1 vial,,antibiotic,aminoglycoside,severe bacterial infections,no,no,medium,
Amilo,اميلو,amlodipine,5 mg,tablet,30 tablets,,cardiac,calcium channel blocker,high blood pressure,no,no,high,https://dwaprices.com/similars.php?id=9016
Amipride,اميبرايد,amisulpride,400 mg,film-coated tablet,20 tablets,,psychiatric,atypical antipsychotic,schizophrenia,no,no,high,https://dwaprices.com
Amipride,اميبرايد,amisulpride,200 mg,tablet,20 tablets,,psychiatric,atypical antipsychotic,schizophrenia,no,no,high,https://dwaprices.com/med.php?id=13947
Amipride,اميبرايد,amisulpride,50 mg,tablet,30 tablets,,psychiatric,atypical antipsychotic,schizophrenia,no,no,high,https://dwaprices.com/med.php?id=1805
Amophage,اموفاج,metformin,500 mg,film-coated tablet,30 tablets,,antidiabetic,biguanide,controls blood sugar (diabetes),no,no,medium,
Amosar,اموسار,losartan,50 mg,film-coated tablet,30 tablets,,cardiac,angiotensin receptor blocker,high blood pressure,no,no,high,http://egyptiandrugstore.com/index.php?route=product%2Fproduct&product_id=2247
Amoxil,أموكسيل,amoxicillin,500 mg,capsule,,GSK,antibiotic,aminopenicillin,bacterial infections,no,no,medium,
Amoxil,أموكسيل,amoxicillin,250 mg/5 mL,powder for oral suspension,,GSK,antibiotic,aminopenicillin,bacterial infections,no,no,medium,
Amrizole,امريزول,metronidazole,500 mg,film-coated tablet,,,antiparasitic,nitroimidazole,bacterial and parasitic infections,no,no,medium,
Anafranil,انافرانيل,clomipramine,25 mg,tablet,30 tablets,Novartis,psychiatric,tricyclic antidepressant,depression and obsessive-compulsive disorder,no,no,high,https://dwaprices.com/ause.php?id=50
Anafranil SR,انافرانيل اس ار,clomipramine,75 mg,extended-release tablet,20 tablets,Novartis,psychiatric,tricyclic antidepressant,depression and obsessive-compulsive disorder,no,no,high,https://dwaprices.com/ause.php?id=50
Andorivaban,اندوريفابان,rivaroxaban,2.5 mg,film-coated tablet,20 tablets,,anticoagulant,direct oral anticoagulant (factor xa inhibitor),prevent blood clots,no,no,high,https://dwaprices.com/med.php?id=14133
Andorivaban,اندوريفابان,rivaroxaban,20 mg,film-coated tablet,20 tablets,,anticoagulant,direct oral anticoagulant (factor xa inhibitor),prevent blood clots,no,no,high,https://dwaprices.com/med.php?id=14134
Andriol,اندريول,testosterone,40 mg,capsule,20 capsules,MSD,endocrine,androgen (testosterone replacement),testosterone replacement therapy (men),no,no,medium,
Angiguard,انجيجارد,ranolazine,500 mg,extended-release tablet,60 tablets,,cardiac,anti-anginal (late sodium current inhibitor),chest pain (angina),no,no,high,https://dwaprices.com/med.php?id=15483
Angiofox,انجيوفوكس,isosorbide mononitrate,25 mg,extended-release capsule,30 capsules,Minapharm,cardiac,nitrate vasodilator,chest pain (angina),no,no,high,https://dwaprices.com/med.php?id=14167
Angiofox,انجيوفوكس,isosorbide mononitrate,50 mg,extended-release capsule,20 capsules,Minapharm,cardiac,nitrate vasodilator,chest pain (angina),no,no,high,https://dwaprices.com/med.php?id=14170
Angiofox,انجيوفوكس,isosorbide mononitrate,40 mg,tablet,20 tablets,Minapharm,cardiac,nitrate vasodilator,chest pain (angina),no,no,high,https://dwaprices.com/med.php?id=14169
Antinal,انتينال,nifuroxazide,200 mg,capsule,24 capsules,Amoun,gastric,intestinal antiseptic,infectious diarrhea,no,no,high,https://dwaprices.com/med.php?id=799
Antinal,انتينال,nifuroxazide,220 mg/5 mL,suspension,60 mL,Amoun,gastric,intestinal antiseptic,infectious diarrhea,no,no,high,https://dwaprices.com/med.php?id=800
Antodine,انتودين,rabeprazole,10 mg,chewable tablet,10 tablets,,gastric,proton pump inhibitor,reduce stomach acid,no,no,high,https://dwaprices.com/med.php?id=14254
Antodine,انتودين,rabeprazole,20 mg,film-coated tablet,30 tablets,,gastric,proton pump inhibitor,reduce stomach acid,no,no,high,https://dwaprices.com/med.php?id=14256
Antodine,انتودين,rabeprazole,40 mg,film-coated tablet,30 tablets,,gastric,proton pump inhibitor,reduce stomach acid,no,no,high,https://dwaprices.com/med.php?id=817
Antodine,انتودين,rabeprazole,20 mg/2 mL,injection,3 ampoules,,gastric,proton pump inhibitor,reduce stomach acid,no,no,high,https://dwaprices.com/med.php?id=814
Antopral,انتوبرال,pantoprazole,20 mg,film-coated tablet,14 tablets,,gastric,proton pump inhibitor,reduce stomach acid,no,no,high,https://dwaprices.com/med.php?id=9612
Antopral,انتوبرال,pantoprazole,40 mg,film-coated tablet,14 tablets,,gastric,proton pump inhibitor,reduce stomach acid,no,no,high,https://dwaprices.com/med.php?id=9612
Arabzinc,عرب زنك,zinc sulfate,50 mg,tablet,30 tablets,,vitamins-supplements,zinc supplement,zinc deficiency and immune support,no,no,high,https://dwaprices.com/ause.php?id=46
Arava,أرافا,leflunomide,20 mg,tablet,,Sanofi,anti-inflammatory;musculoskeletal,immunomodulatory dmard,rheumatoid arthritis treatment,no,no,medium,
Arcoxia,أركوكسيا,etoricoxib,120 mg,tablet,7 tablets,MSD,analgesic;anti-inflammatory,cox-2 selective nsaid,arthritis pain and inflammation relief,no,no,high,https://russkaya-apteka.com/en/products/arkoksia-120-mg
Arcoxia,أركوكسيا,etoricoxib,60 mg,tablet,14 tablets,MSD,analgesic;anti-inflammatory,cox-2 selective nsaid,arthritis pain and inflammation relief,no,no,high,https://russkaya-apteka.com/en/products/arkoksia-60-mg-14-tabletok
Arcoxia,أركوكسيا,etoricoxib,90 mg,tablet,14 tablets,MSD,analgesic;anti-inflammatory,cox-2 selective nsaid,arthritis pain and inflammation relief,no,no,high,http://egyptiandrugstore.com/index.php?route=product/product&product_id=3161
Aricept,اريسبت,donepezil,10 mg,film-coated tablet,,Eisai,neurology,cholinesterase inhibitor,alzheimer's dementia,no,no,medium,
Aripiprex,اريبيبركس,aripiprazole,10 mg,film-coated tablet,30 tablets,,psychiatric,atypical antipsychotic,schizophrenia and bipolar disorder,no,no,high,https://dwaprices.com/ause.php?id=16
Aripiprex,اريبيبركس,aripiprazole,15 mg,film-coated tablet,20 tablets,,psychiatric,atypical antipsychotic,schizophrenia and bipolar disorder,no,no,high,https://dwaprices.com/med.php?id=32440
Arixtra,اريكسترا,fondaparinux sodium,2.5 mg/0.5 mL,injection,10 prefilled syringes,GlaxoSmithKline,anticoagulant,factor xa inhibitor (injectable),prevent blood clots,no,no,high,https://dwaprices.com/med.php?id=954
Arixtra,اريكسترا,fondaparinux sodium,7.5 mg/0.6 mL,injection,10 prefilled syringes,GlaxoSmithKline,anticoagulant,factor xa inhibitor (injectable),prevent blood clots,no,no,high,https://dwaprices.com/med.php?id=956
Artelac,ارتيلاك,hypromellose,0.32%,eye drops,10 mL,Bausch+Lomb,ophthalmic,lubricant,dry eyes,no,no,medium,
Ascorbacil,اسكوربسيل,ascorbic acid,1000 mg,tablet,20 tablets,,vitamins-supplements,vitamin c supplement,vitamin c deficiency and immune support,no,no,high,https://dwaprices.com/ause.php?id=32
Asmakast,اسماكاست,montelukast,4 mg,chewable tablet,,Sandoz,respiratory;allergy,leukotriene receptor antagonist,asthma and allergy prevention (young children),no,no,high,https://www.pharmatop1.com/montelukast-drug-list-in-egypt/
Asmakast,اسماكاست,montelukast,5 mg,chewable tablet,,Sandoz,respiratory;allergy,leukotriene receptor antagonist,asthma and allergy prevention (children),no,no,high,https://www.pharmatop1.com/montelukast-drug-list-in-egypt/
Asmakast,اسماكاست,montelukast,10 mg,film-coated tablet,,Sandoz,respiratory;allergy,leukotriene receptor antagonist,asthma and allergy prevention,no,no,high,https://www.pharmatop1.com/montelukast-drug-list-in-egypt/
Asmalair,اسمالير,montelukast,5 mg,chewable tablet,,,respiratory;allergy,leukotriene receptor antagonist,asthma and allergy prevention (children),no,no,medium,
Asmalair,اسمالير,montelukast,10 mg,film-coated tablet,,,respiratory;allergy,leukotriene receptor antagonist,asthma and allergy prevention,no,no,medium,
Asmatropim,اسماتروبيم,ipratropium,250 mcg/mL,nebulizer solution,20 unit-dose vials,Global Pharmaceutical Industries,respiratory,anticholinergic bronchodilator,asthma/COPD nebulizer treatment,no,no,high,https://dwaprices.com/med.php?id=30164
Aspocid,اسبوسيد,aspirin,75 mg,tablet,20 tablets,,cardiac,antiplatelet,prevent blood clots,no,no,high,https://yaoota.com/en-eg/product/aspocid-75-mg-20-tab-price-from-seif-egypt
Aspocid Paediatric,اسبوسيد اطفال,aspirin,75 mg,chewable tablet,30 tablets,,cardiac,antiplatelet,prevent blood clots,no,no,high,https://dwaprices.com/med.php?id=1030
Atrovent,اتروفنت,ipratropium,250 mcg/2 mL,nebulizer solution,20 unit-dose vials,Boehringer Ingelheim,respiratory,anticholinergic bronchodilator,asthma/COPD nebulizer treatment,no,no,high,https://dwaprices.com/med.php?id=1116
Atrovent,اتروفنت,ipratropium,500 mcg/2 mL,nebulizer solution,20 unit-dose vials,Boehringer Ingelheim,respiratory,anticholinergic bronchodilator,asthma/COPD nebulizer treatment,no,no,high,https://dwaprices.com/med.php?id=1117
Augmentin,أوجمنتين,amoxicillin;clavulanic acid,500/125 mg,film-coated tablet,10 tablets,GSK,antibiotic,aminopenicillin + beta-lactamase inhibitor,bacterial infections,no,no,high,https://dwaprices.com/product/augmentin-625mg-10-f.c.-tab
Augmentin,أوجمنتين,amoxicillin;clavulanic acid,875/125 mg,film-coated tablet,14 tablets,GSK,antibiotic,aminopenicillin + beta-lactamase inhibitor,bacterial infections,no,no,high,https://dwaprices.com/med.php?id=1126
Augmentin,أوجمنتين,amoxicillin;clavulanic acid,50/12.5 mg/mL,oral drops,20 mL,GSK,antibiotic,aminopenicillin + beta-lactamase inhibitor,bacterial infections,no,no,high,https://dwaprices.com/med.php?id=1136
Augram,اوجرام,amoxicillin;clavulanic acid,875/125 mg,film-coated tablet,14 tablets,,antibiotic,aminopenicillin + beta-lactamase inhibitor,bacterial infections,no,no,high,https://dwaprices.com/ause.php?id=26
Avalox,افالوكس,moxifloxacin,400 mg,film-coated tablet,,Bayer,antibiotic,fluoroquinolone,bacterial infections,no,no,medium,
Averocobavit,افيروكوبافيت,methylcobalamin,5 mg,orally disintegrating tablet,30 tablets,,hematology,vitamin b12 supplement,nerve pain and b12 deficiency,no,no,high,https://dwaprices.com/ause.php?id=31
Averozolid,افيروزوليد,linezolid,600 mg,film-coated tablet,10 tablets,,antibiotic,oxazolidinone,resistant bacterial infections,no,no,high,https://dwaprices.com/ause.php?id=10
Avodart,أفودارت,dutasteride,0.5 mg,capsule,30 capsules,GlaxoSmithKline,urology,5-alpha reductase inhibitor,shrinks enlarged prostate,no,no,high,https://dwaprices.com/med.php?id=14774
Azopt,ازوبت,brinzolamide,1%,eye drops,5 mL,Alcon,ophthalmic,carbonic anhydrase inhibitor,glaucoma eye pressure,no,no,medium,
Baraclude,باراكلود,entecavir,0.5 mg,tablet,30 tablets,Bristol-Myers Squibb,hepatic;antiviral,nucleoside analog reverse transcriptase inhibitor (antiviral),hepatitis B treatment,no,no,high,https://dwaprices.com/med.php?id=14915
Baraclude,باراكلود,entecavir,1 mg,tablet,30 tablets,Bristol-Myers Squibb,hepatic;antiviral,nucleoside analog reverse transcriptase inhibitor (antiviral),hepatitis B treatment,no,no,high,https://dwaprices.com/med.php?id=14916
Batrafen,باترافين,ciclopirox,1%,cream,,,dermatology;antifungal,antifungal,fungal skin infection,no,no,high,https://gardeniapharmacies.com/en/?s=ciclopirox
Benxop,بينزوب,benzoyl peroxide,2.5%,cream,20 g,SALVE,dermatology,keratolytic antibacterial,acne treatment,no,no,medium,
Bepanthen,بيبانثين,dexpanthenol,5%,ointment,30 g,Bayer,dermatology,vitamin B5 analog,nappy rash and wound healing,no,no,high,https://tdawi.com/en_eg/catalogsearch/result/?q=bepanthen
Betaderm,بيتاديرم,betamethasone,0.1%,cream,15 g,,dermatology;corticosteroid,topical corticosteroid,eczema and skin inflammation,no,no,high,https://www.bloompharmacy.com/collections/corticosteroids
Betaderm,بيتاديرم,betamethasone,0.1%,ointment,15 g,,dermatology;corticosteroid,topical corticosteroid,eczema and skin inflammation,no,no,high,https://www.bloompharmacy.com/collections/corticosteroids
Betadine,بيتادين,povidone-iodine,10%,topical solution,,Mundipharma,womens-health,antiseptic,vaginal antisepsis/douche,no,no,medium,
Betafos,بيتافوس,betamethasone dipropionate;betamethasone sodium phosphate,5/2 mg/mL,injection,1 ampoule,,corticosteroid,corticosteroid (glucocorticoid) depot injection,reduces inflammation and allergy,no,no,high,https://dwaprices.com/med.php?id=1440
Betaloc,بيتالوك,metoprolol,100 mg,tablet,,AstraZeneca,cardiac,beta blocker,high blood pressure,no,no,medium,
Betaloc,بيتالوك,metoprolol,50 mg,tablet,,AstraZeneca,cardiac,beta blocker,high blood pressure,no,no,medium,
Betaloc ZOK,بيتالوك زوك,metoprolol,50 mg,extended-release tablet,,AstraZeneca,cardiac,beta blocker,high blood pressure,no,no,medium,
Betaserc,بيتاسيرك,betahistine,16 mg,tablet,,Abbott,neurology,antivertigo agent,vertigo and dizziness,no,no,medium,
Betaserc,بيتاسيرك,betahistine,24 mg,tablet,,Abbott,neurology,antivertigo agent,vertigo and dizziness,no,no,medium,
Betmiga,بيتميجا,mirabegron,25 mg,extended-release tablet,30 tablets,Astellas,urology,beta-3 adrenergic agonist,overactive bladder,no,no,high,https://dwaprices.com/med.php?id=15165
Betmiga,بيتميجا,mirabegron,50 mg,extended-release tablet,30 tablets,Astellas,urology,beta-3 adrenergic agonist,overactive bladder,no,no,high,https://dwaprices.com/med.php?id=15166
Betnovate,بيتنوفيت,betamethasone,0.1%,cream,15 g,GSK,dermatology;corticosteroid,topical corticosteroid,eczema and skin inflammation,no,no,high,https://dwaprices.com/med.php?id=1474
Betnovate-C,بيتنوفيت سي,betamethasone;clioquinol,0.1%/3%,cream,15 g,GSK,dermatology;corticosteroid;antifungal,corticosteroid + antiseptic,infected eczema,no,no,high,https://dwaprices.com/med.php?id=1478
Betnovate-N,بيتنوفيت إن,betamethasone;neomycin,0.1%/0.5%,cream,30 g,GSK,dermatology;corticosteroid;antibiotic,corticosteroid + antibiotic,infected eczema,no,no,high,https://en.egyptdwa.com/m/2488
Betolvex,بيتولفيكس,cyanocobalamin,1 mg/mL,injection,2 ampoules,,hematology,vitamin b12 supplement,b12 deficiency and pernicious anemia,no,no,high,https://dwaprices.com/ause.php?id=31
Betoptic S,بيتوبتيك اس,betaxolol,0.25%,eye drops,5 mL,Alcon,ophthalmic,beta-blocker,glaucoma eye pressure,no,no,medium,
Bi-Alcofan,باي الكوفان,ketoprofen,150 mg,tablet,30 tablets,,analgesic;anti-inflammatory,nonsteroidal anti-inflammatory drug (nsaid),pain and inflammation relief,no,no,high,https://egyptiandrugstore.com/index.php?product_id=2753&route=product%2Fproduct
Biliver,بيليفر,ursodeoxycholic acid,450 mg,capsule,20 capsules,,hepatic,bile acid,gallstones and liver support,no,no,high,https://dwaprices.com/med.php?id=1513
Biocefixim,بيوسفكسيم,cefixime,200 mg/5 mL,powder for oral suspension,60 mL,,antibiotic,third-generation cephalosporin,bacterial infections,no,no,high,https://dwaprices.com/med.php?id=15256
Biorazo,بيورازو,esomeprazole,20 mg,capsule,7 capsules,,gastric,proton pump inhibitor,reduce stomach acid,no,no,high,https://dwaprices.com/med.php?id=8812
Biosertazol,بيوسيرتازول,sertaconazole,2%,cream,30 g,,dermatology;antifungal,imidazole antifungal,fungal skin infection,no,no,high,https://tdawi.com/en_eg/catalogsearch/result/?q=sertaconazole
Bisolvon,بيسولفون,bromhexine,4 mg/2 mL,injection,5 ampoules,CID,respiratory,mucolytic,loosen mucus (hospital use),no,no,high,https://dwaprices.com/med.php?id=1603
Bisolvon,بيسولفون,bromhexine,4 mg/5 mL,syrup,115 mL,CID,respiratory,mucolytic,loosen mucus and ease cough,no,no,high,https://dwaprices.com/med.php?id=1605
Bisolvon,بيسولفون,bromhexine,8 mg,tablet,20 tablets,CID,respiratory,mucolytic,loosen mucus and ease cough,no,no,high,https://dwaprices.com/med.php?id=1604
Bisoprol,بيسوبرول,bisoprolol,5 mg,film-coated tablet,20 tablets,,cardiac,beta blocker,high blood pressure,no,no,high,https://dwaprices.com/med.php?id=15347
Blocker Alpha,بلوكر ألفا,tamsulosin,0.4 mg,capsule,30 capsules,,urology,alpha-1 blocker,enlarged prostate,no,no,high,https://dwaprices.com/similars.php?id=11161
Bonapex,بونابكس,alendronate,10 mg,tablet,30 tablets,,endocrine,bisphosphonate,treats osteoporosis (bone thinning),no,no,high,https://dwaprices.com/similars.php?id=1652
Bonapex,بونابكس,alendronate,70 mg,tablet,4 tablets,,endocrine,bisphosphonate,treats osteoporosis (bone thinning),no,no,high,https://dwaprices.com/med.php?id=1655
Bone Care,بون كير,alfacalcidol,1 mcg,capsule,30 capsules,,vitamins-supplements,vitamin d analogue,bone weakness and renal osteodystrophy,no,no,high,https://dwaprices.com/ause.php?id=36
Borgasone,بورجازون,mometasone,0.1%,cream,20 g,,dermatology;corticosteroid,potent topical corticosteroid,eczema and psoriasis,no,no,high,https://tdawi.com/en_eg/catalogsearch/result/?q=mometasone
Borgasone,بورجازون,mometasone,0.1%,ointment,20 g,,dermatology;corticosteroid,potent topical corticosteroid,eczema and psoriasis,no,no,high,https://tdawi.com/en_eg/catalogsearch/result/?q=mometasone
Borgavix,بورجافيكس,clopidogrel,75 mg,film-coated tablet,30 tablets,,cardiac,antiplatelet (p2y12 inhibitor),prevent blood clots,no,no,high,https://dwaprices.com/med.php?id=1682
Brilique,بريليك,ticagrelor,90 mg,film-coated tablet,56 tablets,AstraZeneca,cardiac,antiplatelet (p2y12 inhibitor),prevent blood clots,no,no,high,https://dwaprices.com/med.php?id=8509
Brufen,بروفين,ibuprofen,100 mg/5 mL,syrup,150 mL,Abbott,analgesic;anti-inflammatory,nonsteroidal anti-inflammatory drug (nsaid),"pain, fever and inflammation relief",no,no,high,http://egyptiandrugstore.com/index.php?route=product%2Fproduct&product_id=2134
Brufen,بروفين,ibuprofen,400 mg,tablet,30 tablets,Abbott,analgesic;anti-inflammatory,nonsteroidal anti-inflammatory drug (nsaid),"pain, fever and inflammation relief",no,no,high,http://egyptiandrugstore.com/index.php?route=product/product&product_id=1031
Bswift,بي سويفت,mecobalamin,1000 mcg,sublingual tablet,30 tablets,,hematology,vitamin b12 supplement,nerve pain and b12 deficiency,no,no,high,https://dwaprices.com/ause.php?id=31
Buscopan,بوسكوبان,hyoscine butylbromide,10 mg,suppository,10 suppositories,,gastric,antispasmodic (anticholinergic),stomach and gut cramps,no,no,high,https://dwaprices.com/product/buscopan-10mg-10-supp
Buscopan,بوسكوبان,hyoscine butylbromide,10 mg,tablet,20 tablets,,gastric,antispasmodic (anticholinergic),stomach and gut cramps,no,no,high,https://dwaprices.com/med.php?id=1795
Buscopan Plus,بوسكوبان بلس,hyoscine butylbromide;paracetamol,10/500 mg,film-coated tablet,20 tablets,,gastric,antispasmodic + analgesic,cramps with pain,no,no,medium,
C-1000,سي 1000,ascorbic acid,1000 mg,capsule,30 capsules,,vitamins-supplements,vitamin c supplement,vitamin c deficiency and immune support,no,no,high,https://dwaprices.com/ause.php?id=32
C-Retard,سي ريتارد,ascorbic acid,500 mg,extended-release capsule,10 capsules,,vitamins-supplements,vitamin c supplement,vitamin c deficiency and immune support,no,no,high,https://dwaprices.com/ause.php?id=32
C-Vall,سي فال,ascorbic acid,500 mg,film-coated tablet,20 tablets,,vitamins-supplements,vitamin c supplement,vitamin c deficiency and immune support,no,no,high,https://dwaprices.com/ause.php?id=32
Cabergamoun,كابرجامون,cabergoline,0.5 mg,tablet,2 tablets,,endocrine,dopamine agonist,lowers prolactin hormone levels,no,no,high,https://dwaprices.com/composition.php?id=1832
Cabrostinex,كابروستينيكس,cabergoline,0.5 mg,tablet,2 tablets,,endocrine,dopamine agonist,lowers prolactin hormone levels,no,no,high,https://dwaprices.com/med.php?id=15599
Cal-Heparine,كالهيبارين,heparin sodium,5000 IU,injection,3 ampoules,,anticoagulant,unfractionated heparin anticoagulant,prevent blood clots,no,no,high,https://dwaprices.com/med.php?id=1921
Calcimate,كالسيميت,calcium carbonate,500 mg,capsule,12 capsules,El Nasr,vitamins-supplements,calcium supplement,bone health and osteoporosis prevention,no,no,high,https://www.bloompharmacy.com/products/calcimate-500-mg-12-capsules
Calcipoheal Cort,كالسيبوهيل كورت,calcipotriol;betamethasone,50 mcg/0.5 mg/g,ointment,15 g,,dermatology;corticosteroid,vitamin D analog + corticosteroid,psoriasis,no,no,medium,
Calcium Sandoz Forte,كالسيوم ساندوز فورت,calcium,500 mg,effervescent tablet,20 tablets,Novartis,vitamins-supplements,calcium supplement,calcium deficiency and bone health,no,no,medium,
Caldin C,كالدين سي,calcium carbonate;magnesium citrate;vitamin c;cholecalciferol,1000 mg/300 mg/90 mg/200 IU,tablet,30 tablets,ALESRAA Pharmaceuticals,vitamins-supplements,calcium + vitamin supplement,bone health and immune support,no,no,high,https://www.esraapharma.com/caldin-c-tablets
Caltrate 600+D,كالتريت 600 + دي,calcium carbonate;cholecalciferol,1500 mg/400 IU,tablet,60 tablets,Haleon,vitamins-supplements,calcium + vitamin d supplement,bone health and osteoporosis prevention,no,no,medium,
Candicure,كانديكيور,isoconazole;diflucortolone,1%/0.1%,cream,15 g,,dermatology;corticosteroid;antifungal,corticosteroid + antifungal,fungal skin infection with inflammation,no,no,high,https://gardeniapharmacies.com/en/?s=isoconazole
Candistan,كانديستان,clotrimazole,1%,cream,40 g,,dermatology;antifungal,imidazole antifungal,fungal skin infection,no,no,high,https://tdawi.com/en_eg/catalogsearch/result/?q=clotrimazole
Canesten,كانستين,clotrimazole,1%,cream,20 g,Bayer,dermatology;antifungal,imidazole antifungal,fungal skin infection,no,no,high,http://egyptiandrugstore.com/index.php?route=product/product&product_id=503
Canesten,كانستين,clotrimazole,100 mg,vaginal suppository,6 suppositories,Bayer,womens-health;antifungal,imidazole antifungal,vaginal yeast infection,no,no,medium,
Canesten,كانستين,clotrimazole,500 mg,vaginal suppository,1 suppository,Bayer,womens-health;antifungal,imidazole antifungal,vaginal yeast infection (single dose),no,no,medium,
Capotril,كابوتريل,captopril,25 mg,tablet,20 tablets,,cardiac,ace inhibitor,high blood pressure,no,no,high,https://dwaprices.com/med.php?id=2012
Carbimazole,كاربيمازول,carbimazole,5 mg,film-coated tablet,50 tablets,,endocrine,antithyroid (thionamide),treats overactive thyroid,no,no,high,https://dwaprices.com/med.php?id=2039
Carvedilol,كارفيديلول,carvedilol,25 mg,tablet,30 tablets,Biopharm Egypt,cardiac,beta blocker,"heart failure, high blood pressure",no,no,high,https://dwaprices.com/med.php?id=2127
Carvipress,كارفيبرس,carvedilol,12.5 mg,tablet,20 tablets,,cardiac,beta blocker,"heart failure, high blood pressure",no,no,high,https://dwaprices.com/med.php?id=15920
Carvipress,كارفيبرس,carvedilol,25 mg,tablet,20 tablets,,cardiac,beta blocker,"heart failure, high blood pressure",no,no,high,https://dwaprices.com/med.php?id=2137
Catafast,كتافاست,diclofenac potassium,50 mg,sachet,9 sachets,Novartis,analgesic;anti-inflammatory,nonsteroidal anti-inflammatory drug (nsaid),fast-acting pain and inflammation relief,no,no,high,http://egyptiandrugstore.com/index.php?route=product%2Fproduct&product_id=1422
Cataflam,كتافلام,diclofenac potassium,25 mg,film-coated tablet,20 tablets,Novartis,analgesic;anti-inflammatory,nonsteroidal anti-inflammatory drug (nsaid),pain and inflammation relief,no,no,high,https://egyptiandrugstore.com/index.php?product_id=1670&route=product%2Fproduct
Cataflam,كتافلام,diclofenac potassium,50 mg,film-coated tablet,20 tablets,Novartis,analgesic;anti-inflammatory,nonsteroidal anti-inflammatory drug (nsaid),pain and inflammation relief,no,no,high,https://www.bloompharmacy.com/products/cataflam-50-mg-20-tablets
Cefoperazone,سيفوبيرازون,cefoperazone,1 g,injection,1 vial,Rameda/Sigma,antibiotic,third-generation cephalosporin,bacterial infections,no,no,high,https://dwaprices.com/ause.php?id=10
Cefotax,سيفوتاكس,cefotaxime,1 g,injection,1 vial,EIPICO,antibiotic,third-generation cephalosporin,bacterial infections,no,no,high,https://dwaprices.com/med.php?id=16038
Cefotax,سيفوتاكس,cefotaxime,2 g,injection,1 vial,,antibiotic,third-generation cephalosporin,bacterial infections,no,no,high,https://dwaprices.com/med.php?id=2260
Ceftriaxone-EVA,سيفترياكسون ايفا,ceftriaxone,1 g,injection,1 vial,EVA Pharma,antibiotic,third-generation cephalosporin,bacterial infections,no,no,high,https://dwaprices.com/med.php?id=32615
Ceftriaxone-Sandoz,سيفترياكسون ساندوز,ceftriaxone,1 g,injection,1 vial,Sandoz,antibiotic,third-generation cephalosporin,bacterial infections,no,no,high,https://dwaprices.com/med.php?id=2287
Ceftriaxone-Sedico,سيفترياكسون سيديكو,ceftriaxone,1 g,injection,1 vial,Sedico,antibiotic,third-generation cephalosporin,bacterial infections,no,no,high,https://dwaprices.com/med.php?id=16065
Celebrex,سيليبريكس,celecoxib,100 mg,capsule,,Pfizer,analgesic;anti-inflammatory,cox-2 selective nsaid,arthritis pain and inflammation relief,no,no,medium,
Celebrex,سيليبريكس,celecoxib,200 mg,capsule,10 capsules,Pfizer,analgesic;anti-inflammatory,cox-2 selective nsaid,arthritis pain and inflammation relief,no,no,high,https://gardeniapharmacies.com/en/product/celebrex-200mg-10cap/
Centrum A-Z,سنتروم ايه-زد,vitamin a;vitamin c;cholecalciferol;vitamin e;calcium;zinc,,tablet,30 tablets,Haleon,vitamins-supplements,multivitamin,general vitamin and mineral supplementation,no,no,high,https://dwaprices.com/ause.php?id=5
Centrum Silver,سنتروم سيلفر,vitamin a;vitamin c;cholecalciferol;vitamin e;calcium;lutein,,tablet,100 tablets,Haleon,vitamins-supplements,multivitamin,vitamin and mineral supplementation for 50+,no,no,high,https://dwaprices.com/ause.php?id=5
Cephalexin,سيفالكسين,cefalexin,500 mg,capsule,12 capsules,,antibiotic,first-generation cephalosporin,bacterial infections,no,no,high,https://dwaprices.com/med.php?id=2359
Cephalexin,سيفالكسين,cefalexin,250 mg/5 mL,suspension,60 mL,,antibiotic,first-generation cephalosporin,bacterial infections,no,no,high,https://dwaprices.com/similars.php?id=2356
Cetal,سيتال,paracetamol,120 mg,suppository,5 suppositories,EIPICO,analgesic,paracetamol analgesic,pain relief and fever reduction,no,no,high,http://egyptiandrugstore.com/index.php?route=product/product&product_id=1921
Cetal,سيتال,paracetamol,500 mg,tablet,20 tablets,EIPICO,analgesic,paracetamol analgesic,pain relief and fever reduction,no,no,high,http://egyptiandrugstore.com/index.php?route=product%2Fproduct&product_id=876
Cetal Cold & Flu,سيتال كولد اند فلو,paracetamol;chlorpheniramine;pseudoephedrine,500/2/30 mg,tablet,20 tablets,EIPICO,cold-flu,analgesic antihistamine decongestant combo,cold and flu symptom relief,no,no,high,https://dwaprices.com/med.php?id=2438
Cevarol,سيفارول,ascorbic acid,1000 mg/5 mL,injection,3 ampoules,,vitamins-supplements,vitamin c supplement,vitamin c deficiency and immune support,no,no,high,https://dwaprices.com/ause.php?id=32
Cevarol,سيفارول,ascorbic acid,500 mg,tablet,20 tablets,,vitamins-supplements,vitamin c supplement,vitamin c deficiency and immune support,no,no,high,https://dwaprices.com/ause.php?id=32
Cevatron,سيفاترون,ascorbic acid,500 mg,tablet,20 tablets,,vitamins-supplements,vitamin c supplement,vitamin c deficiency and immune support,no,no,high,https://dwaprices.com/ause.php?id=32
Cialis,سياليس,tadalafil,20 mg,film-coated tablet,4 tablets,Eli Lilly,urology,PDE5 inhibitor,erectile dysfunction,no,no,medium,
Cialis,سياليس,tadalafil,5 mg,film-coated tablet,28 tablets,Eli Lilly,urology,PDE5 inhibitor,erectile dysfunction (daily dose),no,no,medium,
Cialong,سيالونج,tadalafil,20 mg,film-coated tablet,4 tablets,Borg,urology,PDE5 inhibitor,erectile dysfunction,no,no,high,https://dwaprices.com/med.php?id=16293
Cidophage,سيدوفاج,metformin,1000 mg,film-coated tablet,,EIPICO,antidiabetic,biguanide,controls blood sugar (diabetes),no,no,medium,
Cidophage,سيدوفاج,metformin,500 mg,film-coated tablet,10 tablets,EIPICO,antidiabetic,biguanide,controls blood sugar (diabetes),no,no,high,http://egyptiandrugstore.com/index.php?route=product/product&product_id=2286
Cidophage,سيدوفاج,metformin,850 mg,film-coated tablet,,EIPICO,antidiabetic,biguanide,controls blood sugar (diabetes),no,no,medium,
Cilosort,سيلوسورت,cilostazol,100 mg,tablet,30 tablets,,cardiac,antiplatelet + vasodilator (pde3 inhibitor),leg pain from poor circulation,no,no,high,https://dwaprices.com/med.php?id=16331
Ciloxan,سيلوكسان,ciprofloxacin,0.3%,eye drops,5 mL,Alcon,ophthalmic;antibiotic,fluoroquinolone antibiotic,bacterial eye infection,no,no,medium,
Ciloxan,سيلوكسان,ciprofloxacin,0.3%,eye ointment,3.5 g,Alcon,ophthalmic;antibiotic,fluoroquinolone antibiotic,bacterial eye infection,no,no,medium,
Cipralex,سيبرالكس,escitalopram,10 mg,film-coated tablet,28 tablets,Lundbeck,psychiatric,ssri antidepressant,depression and anxiety,no,no,high,https://dwaprices.com/med.php?id=16358
Cipralex,سيبرالكس,escitalopram,20 mg,film-coated tablet,28 tablets,Lundbeck,psychiatric,ssri antidepressant,depression and anxiety,no,no,medium,
Ciprapro,سيبرابرو,escitalopram,10 mg,film-coated tablet,30 tablets,,psychiatric,ssri antidepressant,depression and anxiety,no,no,high,https://dwaprices.com/ause.php?id=50
Ciprobay,سيبروباي,ciprofloxacin,500 mg,film-coated tablet,,Bayer,antibiotic,fluoroquinolone,bacterial infections,no,no,medium,
Ciprocin,سيبروسين,ciprofloxacin,250 mg,film-coated tablet,,EIPICO,antibiotic,fluoroquinolone,bacterial infections,no,no,medium,https://www.cphi-online.com/product/ciprocin-ciprofloxacin/
Ciprocin,سيبروسين,ciprofloxacin,500 mg,film-coated tablet,,EIPICO,antibiotic,fluoroquinolone,bacterial infections,no,no,medium,https://www.cphi-online.com/product/ciprocin-ciprofloxacin/
Ciprocin,سيبروسين,ciprofloxacin,750 mg,film-coated tablet,,EIPICO,antibiotic,fluoroquinolone,bacterial infections,no,no,medium,https://www.cphi-online.com/product/ciprocin-ciprofloxacin/
Ciprodex,سيبروديكس,ciprofloxacin;dexamethasone,0.3%/0.1%,ear drops,7.5 mL,Alcon,ent;antibiotic;corticosteroid,antibiotic + corticosteroid combination,ear infection and inflammation,no,no,medium,
Ciprodiazole,سيبروديازول,ciprofloxacin;metronidazole,500/500 mg,film-coated tablet,20 tablets,Minapharm,antibiotic;antiparasitic,fluoroquinolone + nitroimidazole,mixed bacterial and anaerobic infections,no,no,high,https://dwaprices.com/ause.php?id=10
Ciprofar,سيبروفار,ciprofloxacin,500 mg,film-coated tablet,,,antibiotic,fluoroquinolone,bacterial infections,no,no,medium,
Cipromax,سيبروماكس,ciprofloxacin,500 mg,film-coated tablet,,,antibiotic,fluoroquinolone,bacterial infections,no,no,medium,
Claritine,كلاريتين,loratadine,5 mg/5 mL,syrup,100 mL,Bayer,allergy,antihistamine,allergy symptom relief (children),no,no,high,https://tdawi.com/en_eg/claritine-1mgml-syrup
Claritine,كلاريتين,loratadine,10 mg,tablet,20 tablets,Bayer,allergy,antihistamine,allergy symptom relief,no,no,high,https://tdawi.com/en_eg/claritine-10-mg-20-tablets
Claudol,كلاودول,cilostazol,100 mg,tablet,30 tablets,,cardiac,antiplatelet + vasodilator (pde3 inhibitor),leg pain from poor circulation,no,no,high,https://dwaprices.com/med.php?id=2710
Claudol,كلاودول,cilostazol,50 mg,tablet,30 tablets,,cardiac,antiplatelet + vasodilator (pde3 inhibitor),leg pain from poor circulation,no,no,high,https://dwaprices.com/med.php?id=16455
Clavimox,كلافيموكس,amoxicillin;clavulanic acid,875/125 mg,film-coated tablet,12 tablets,,antibiotic,aminopenicillin + beta-lactamase inhibitor,bacterial infections,no,no,high,https://dwaprices.com/ause.php?id=26
Clearaliqe,كليراليك,hydroquinone,2%,cream,,,dermatology,skin bleaching agent,hyperpigmentation and melasma,no,no,high,https://gardeniapharmacies.com/en/?s=hydroquinone
Clearaliqe Forte,كليراليك فورت,hydroquinone,4%,cream,,,dermatology,skin bleaching agent,hyperpigmentation and melasma,no,no,high,https://gardeniapharmacies.com/en/?s=hydroquinone
Clerovate,كليروفات,clobetasol,0.05%,cream,25 g,,dermatology;corticosteroid,potent topical corticosteroid,severe eczema and psoriasis,no,no,high,https://dwaprices.com/med.php?id=2749
Clexane,كليكسان,enoxaparin,20 mg/0.2 mL,injection,2 prefilled syringes,Sanofi,anticoagulant,low molecular weight heparin,prevent blood clots,no,no,high,https://dwaprices.com/med.php?id=16504
Clexane,كليكسان,enoxaparin,40 mg/0.4 mL,injection,2 prefilled syringes,Sanofi,anticoagulant,low molecular weight heparin,prevent blood clots,no,no,high,https://dwaprices.com/med.php?id=16505
Clexane,كليكسان,enoxaparin,60 mg/0.6 mL,injection,2 prefilled syringes,Sanofi,anticoagulant,low molecular weight heparin,prevent blood clots,no,no,high,https://dwaprices.com/med.php?id=2753
Clexane,كليكسان,enoxaparin,80 mg/0.8 mL,injection,2 prefilled syringes,Sanofi,anticoagulant,low molecular weight heparin,prevent blood clots,no,no,high,https://dwaprices.com/med.php?id=16507
Clinda Sol,كليندا سول,clindamycin,1%,topical solution,30 mL,,dermatology,lincosamide antibiotic,acne treatment,no,no,high,https://gardeniapharmacies.com/en/?s=clindamycin
Clomid,كلوميد,clomiphene,50 mg,tablet,20 tablets,Global Napi Pharmaceuticals,womens-health,ovulation induction agent,fertility treatment,no,no,high,https://dwaprices.com/med.php?id=2786
Clopacirc,كلوباسيرك,clopidogrel,75 mg,film-coated tablet,30 tablets,,cardiac,antiplatelet (p2y12 inhibitor),prevent blood clots,no,no,high,https://dwaprices.com/med.php?id=26368
Clopex Grel,كلوبكس اجريل,clopidogrel,75 mg,film-coated tablet,30 tablets,,cardiac,antiplatelet (p2y12 inhibitor),prevent blood clots,no,no,high,https://dwaprices.com/med.php?id=2791
Clopidogrel,كلوبيدوجريل,clopidogrel,75 mg,film-coated tablet,10 tablets,,cardiac,antiplatelet (p2y12 inhibitor),prevent blood clots,no,no,high,https://dwaprices.com/med.php?id=2793
Clovacort,كلوفاكورت,clobetasol,0.05%,ointment,20 g,,dermatology;corticosteroid,potent topical corticosteroid,severe eczema and psoriasis,no,no,high,https://dwaprices.com/med.php?id=2721
Clozapex,كلوزابكس,clozapine,100 mg,tablet,50 tablets,,psychiatric,atypical antipsychotic,treatment-resistant schizophrenia,no,no,high,https://dwaprices.com/med.php?id=2822
Clozapex,كلوزابكس,clozapine,25 mg,tablet,50 tablets,,psychiatric,atypical antipsychotic,treatment-resistant schizophrenia,no,no,high,https://dwaprices.com/med.php?id=2822
Cludalost,كلودالوست,cilostazol,100 mg,tablet,30 tablets,EGPI Pharma Three,cardiac,antiplatelet + vasodilator (pde3 inhibitor),leg pain from poor circulation,no,no,high,https://dwaprices.com/med.php?id=31976
Co-Tareg,كو-تارج,valsartan;hydrochlorothiazide,160/12.5 mg,film-coated tablet,14 tablets,Novartis,cardiac,angiotensin receptor blocker + thiazide diuretic,high blood pressure,no,no,high,https://dwaprices.com/med.php?id=2839
Co-Tareg,كو-تارج,valsartan;hydrochlorothiazide,160/25 mg,film-coated tablet,15 tablets,Novartis,cardiac,angiotensin receptor blocker + thiazide diuretic,high blood pressure,no,no,high,https://dwaprices.com/product/co-tareg-160-25mg-15-f.c.-tabs
Co-Tareg,كو-تارج,valsartan;hydrochlorothiazide,80/12.5 mg,film-coated tablet,,Novartis,cardiac,angiotensin receptor blocker + thiazide diuretic,high blood pressure,no,no,medium,
Cobal,كوبال,mecobalamin,500 mcg,film-coated tablet,30 tablets,,hematology,vitamin b12 supplement,nerve pain and b12 deficiency,no,no,high,https://dwaprices.com/ause.php?id=5
Cobal F,كوبال ف,mecobalamin;folic acid,500/200 mcg,film-coated tablet,30 tablets,,hematology,vitamin b12 + folate supplement,nerve pain and b12/folate deficiency,no,no,high,https://dwaprices.com/ause.php?id=5
Cobalamoun,كوبالامون,methylcobalamin,1000 mcg,sublingual tablet,30 tablets,,hematology,vitamin b12 supplement,nerve pain and b12 deficiency,no,no,high,https://dwaprices.com/ause.php?id=31
Coenzyme Q10,كوانزيم كيو 10,coenzyme q10,30 mg,capsule,20 capsules,,vitamins-supplements,antioxidant supplement,antioxidant and energy support,no,no,high,https://dwaprices.com/ause.php?id=44
Coenzyme Q10 Forte,كوانزيم كيو 10 فورت,coenzyme q10,100 mg,capsule,20 capsules,,vitamins-supplements,antioxidant supplement,antioxidant and energy support,no,no,high,https://dwaprices.com/ause.php?id=44
Colchicine,كولشيسين,colchicine,0.5 mg,tablet,100 tablets,,anti-inflammatory;musculoskeletal,anti-inflammatory alkaloid (gout),treats acute gout attacks,no,no,high,http://egyptiandrugstore.com/index.php?route=product/product&product_id=3688
Combigan,كومبيجان,brimonidine;timolol,0.2%/0.5%,eye drops,5 mL,Allergan,ophthalmic,alpha-2 agonist + beta-blocker,glaucoma eye pressure,no,no,medium,
Comtrex,كومتركس,paracetamol;brompheniramine;pseudoephedrine,500/2/30 mg,film-coated tablet,20 tablets,GlaxoSmithKline,cold-flu,analgesic antihistamine decongestant combo,cold and flu symptom relief,no,no,high,http://egyptiandrugstore.com/index.php?route=product/product&product_id=4464
Cona-Adione,كونا-اديون,phytomenadione,10 mg,chewable tablet,100 tablets,,hepatic,vitamin K1 replacement,correct bleeding risk from liver disease,no,no,high,https://dwaprices.com/med.php?id=2967
Concerta,كونسيرتا,methylphenidate,18 mg,extended-release tablet,,Janssen,psychiatric,cns stimulant,adhd,no,yes,medium,
Concerta,كونسيرتا,methylphenidate,36 mg,extended-release tablet,,Janssen,psychiatric,cns stimulant,adhd,no,yes,medium,
Concor,كونكور,bisoprolol,10 mg,film-coated tablet,30 tablets,Merck (Amoun),cardiac,beta blocker,high blood pressure,no,no,high,https://dwaprices.com/med.php?id=2973
Concor,كونكور,bisoprolol,5 mg,film-coated tablet,30 tablets,Merck (Amoun),cardiac,beta blocker,high blood pressure,no,no,high,https://dwaprices.com/med.php?id=2975
Concor Amlo,كونكور املو,bisoprolol;amlodipine,5/5 mg,tablet,30 tablets,Merck (Amoun),cardiac,beta blocker + calcium channel blocker,high blood pressure,no,no,high,https://dwaprices.com/med.php?id=16716
Concor Cor,كونكور كور,bisoprolol,2.5 mg,film-coated tablet,30 tablets,Merck (Amoun),cardiac,beta blocker,heart failure,no,no,high,https://dwaprices.com/med.php?id=2977
Concor Plus,كونكور بلس,bisoprolol;hydrochlorothiazide,10/25 mg,film-coated tablet,30 tablets,Merck (Amoun),cardiac,beta blocker + thiazide diuretic,high blood pressure,no,no,high,https://dwaprices.com/med.php?id=2974
Concor Plus,كونكور بلس,bisoprolol;hydrochlorothiazide,5/12.5 mg,film-coated tablet,30 tablets,Merck (Amoun),cardiac,beta blocker + thiazide diuretic,high blood pressure,no,no,high,https://dwaprices.com/med.php?id=2976
Congestal,كونجستال,paracetamol;chlorpheniramine;pseudoephedrine,650/4/60 mg,film-coated tablet,20 tablets,Sigma Pharmaceutical Industries,cold-flu,analgesic antihistamine decongestant combo,cold and flu symptom relief,no,no,high,http://egyptiandrugstore.com/index.php?route=product/product&product_id=2285
Controloc,كونترولوك,pantoprazole,20 mg,film-coated tablet,14 tablets,Takeda,gastric,proton pump inhibitor,reduce stomach acid,no,no,high,https://dwaprices.com/med.php?id=3012
Controloc,كونترولوك,pantoprazole,40 mg,film-coated tablet,14 tablets,Takeda,gastric,proton pump inhibitor,reduce stomach acid,no,no,high,https://dwaprices.com/med.php?id=16765
Controloc,كونترولوك,pantoprazole,40 mg,injection,1 vial,Takeda,gastric,proton pump inhibitor,reduce stomach acid,no,no,high,https://dwaprices.com/med.php?id=3014
Copad,كوباد,cholecalciferol,10000 IU,capsule,30 capsules,,vitamins-supplements,vitamin d supplement,vitamin d deficiency,no,no,high,https://dwaprices.com/ause.php?id=36
Cordarone,كوردارون,amiodarone,200 mg,tablet,30 tablets,Sanofi,cardiac,class iii antiarrhythmic,irregular heartbeat,no,no,high,https://dwaprices.com/med.php?id=3045
Corneregel,كورنيريجيل,dexpanthenol,5%,eye gel,10 g,Bausch+Lomb,ophthalmic,corneal healing agent,dry eyes and corneal healing,no,no,medium,
Cosmofer,كوزموفير,iron dextran,50 mg/mL,injection,5 ampoules,,hematology,iron replacement (IV),iron deficiency anemia (IV),no,no,high,https://dwaprices.com/ause.php?id=34
Cosopt,كوسوبت,dorzolamide;timolol,2%/0.5%,eye drops,5 mL,MSD,ophthalmic,carbonic anhydrase inhibitor + beta-blocker,glaucoma eye pressure,no,no,high,https://tdawi.com/en_eg/cosopt-eye-drops-5-ml
Coufatex,كوفاتكس,warfarin,1 mg,tablet,,,anticoagulant,vitamin k antagonist anticoagulant,prevent blood clots,no,no,high,https://en.egyptdwa.com/m/5005
Coversyl,كوفرسيل,perindopril,5 mg,tablet,30 tablets,Servier,cardiac,ace inhibitor,high blood pressure,no,no,high,https://yaoota.com/en-eg/product/coversyl-5-mg-30-tab-210202-price-from-seif-egypt
Coversyl Plus,كوفرسيل بلس,perindopril;indapamide,10/2.5 mg,tablet,15 tablets,Servier,cardiac,ace inhibitor + thiazide-like diuretic,high blood pressure,no,no,high,https://dwaprices.com/med.php?id=16879
Cozaar,كوزار,losartan,100 mg,film-coated tablet,,MSD,cardiac,angiotensin receptor blocker,high blood pressure,no,no,medium,
Cozaar,كوزار,losartan,50 mg,film-coated tablet,,MSD,cardiac,angiotensin receptor blocker,high blood pressure,no,no,medium,
Crestor,كريستور,rosuvastatin,20 mg,film-coated tablet,28 tablets,AstraZeneca,lipid,statin (hmg-coa reductase inhibitor),lower cholesterol,no,no,high,https://dwaprices.com/med.php?id=16904
Crestor,كريستور,rosuvastatin,5 mg,film-coated tablet,28 tablets,AstraZeneca,lipid,statin (hmg-coa reductase inhibitor),lower cholesterol,no,no,high,https://dwaprices.com/med.php?id=32690
Curacne,كيوراكن,isotretinoin,10 mg,capsule,,,dermatology,retinoid,severe acne treatment,no,no,medium,
Curacne,كيوراكن,isotretinoin,20 mg,capsule,,,dermatology,retinoid,severe acne treatment,no,no,medium,
Curacne,كيوراكن,isotretinoin,40 mg,capsule,,,dermatology,retinoid,severe acne treatment,no,no,medium,
Curam,كيورام,amoxicillin;clavulanic acid,875/125 mg,film-coated tablet,12 tablets,Sandoz,antibiotic,aminopenicillin + beta-lactamase inhibitor,bacterial infections,no,no,high,https://dwaprices.com/ause.php?id=26
Curam,كيورام,amoxicillin;clavulanic acid,400/57 mg/5 mL,powder for oral suspension,70 mL,Sandoz,antibiotic,aminopenicillin + beta-lactamase inhibitor,bacterial infections,no,no,high,https://dwaprices.com/ause.php?id=26
Curepro XR,كيوربرو اكس آر,tamsulosin,0.4 mg,extended-release capsule,30 capsules,,urology,alpha-1 blocker,enlarged prostate,no,no,high,https://dwaprices.com/med.php?id=11162
Cutacort,كوتاكورت,isoconazole;diflucortolone,1%/0.1%,cream,15 g,,dermatology;corticosteroid;antifungal,corticosteroid + antifungal,fungal skin infection with inflammation,no,no,high,https://gardeniapharmacies.com/en/?s=isoconazole
Cutivate,كيوتيفيت,fluticasone,0.05%,cream,15 g,GSK,dermatology;corticosteroid,topical corticosteroid,eczema and dermatitis,no,no,high,https://gardeniapharmacies.com/en/?s=cutivate
Cutivate,كيوتيفيت,fluticasone,0.005%,ointment,15 g,GSK,dermatology;corticosteroid,topical corticosteroid,eczema and dermatitis,no,no,high,https://gardeniapharmacies.com/en/?s=cutivate
Cyclogest,سيكلوجست,progesterone,400 mg,vaginal suppository,15 suppositories,Actavis,womens-health,progestogen,luteal phase/fertility support,no,no,medium,
Cyclogyl,سيكلوجيل,cyclopentolate,1%,eye drops,15 mL,Alcon,ophthalmic,mydriatic-cycloplegic,pupil dilation for eye exam,no,no,medium,
Cymbalta,سيمبالتا,duloxetine,30 mg,extended-release capsule,28 capsules,Eli Lilly,psychiatric,snri antidepressant,depression and nerve pain,no,no,high,https://dwaprices.com/ause.php?id=50
Cymbalta,سيمبالتا,duloxetine,60 mg,extended-release capsule,28 capsules,Eli Lilly,psychiatric,snri antidepressant,depression and nerve pain,no,no,high,https://dwaprices.com/ause.php?id=50
Cymbatex,سيمباتكس,duloxetine,30 mg,extended-release capsule,30 capsules,,psychiatric,snri antidepressant,depression and nerve pain,no,no,high,https://dwaprices.com/ause.php?id=50
Daclanork,داكلانورك,daclatasvir,60 mg,film-coated tablet,,Marcyrl,antiviral,NS5A inhibitor,hepatitis C,no,no,medium,
Daflon,دافلون,diosmin;hesperidin,450/50 mg,film-coated tablet,30 tablets,Servier,cardiac,venotonic phlebotonic,"varicose veins, hemorrhoids",no,no,high,https://dwaprices.com/med.php?id=17055
Daflon,دافلون,diosmin;hesperidin,900/100 mg,film-coated tablet,30 tablets,Servier,cardiac,venotonic phlebotonic,"varicose veins, hemorrhoids",no,no,high,https://dwaprices.com/med.php?id=11950
Daivobet,دايفوبيت,calcipotriol;betamethasone,50 mcg/0.5 mg/g,ointment,30 g,Leo Pharma,dermatology;corticosteroid,vitamin D analog + corticosteroid,psoriasis,no,no,high,https://gardeniapharmacies.com/en/?s=daivobet
Daklanork,داكلانورك,daclatasvir,60 mg,film-coated tablet,28 tablets,,hepatic;antiviral,NS5A inhibitor (antiviral),hepatitis C treatment,no,no,high,https://dwaprices.com/med.php?id=17065
Daktarin,داكتارين,miconazole,2%,cream,15 g,Janssen,dermatology;antifungal,imidazole antifungal,fungal skin infection,no,no,high,http://egyptiandrugstore.com/index.php?route=product/product&product_id=3711
Daktarin Oral Gel,دكتارين جل فموي,miconazole,2%,oral gel,40 g,Janssen,oral-dental;antifungal,antifungal,oral thrush fungal infection,no,no,medium,
Daktavira,داكتافيرا,daclatasvir,60 mg,film-coated tablet,28 tablets,,hepatic;antiviral,NS5A inhibitor (antiviral),hepatitis C treatment,no,no,high,https://dwaprices.com/med.php?id=17069
Dalacin,دالاسين,clindamycin,2%,vaginal cream,40 g,Pfizer,womens-health;antibiotic,antibiotic,bacterial vaginal infection,no,no,medium,
Dalacin C,دالاسين سي,clindamycin,150 mg,capsule,,Pfizer,antibiotic,lincosamide,bacterial infections,no,no,medium,
Dalacin C,دالاسين سي,clindamycin,300 mg,capsule,10 capsules,Pfizer,antibiotic,lincosamide,bacterial infections,no,no,high,https://dwaprices.com/ause.php?id=10
Danset,دانست,ondansetron,4 mg/2 mL,injection,3 ampoules,,gastric,5-HT3 receptor antagonist,nausea and vomiting,no,no,high,https://dwaprices.com/med.php?id=17095
Danset,دانست,ondansetron,8 mg/4 mL,injection,3 ampoules,,gastric,5-HT3 receptor antagonist,nausea and vomiting,no,no,high,https://dwaprices.com/med.php?id=17097
Dapaglif,داباجليف,dapagliflozin,10 mg,film-coated tablet,14 tablets,,antidiabetic,SGLT2 inhibitor,lowers blood sugar (diabetes),no,no,high,https://dwaprices.com/med.php?id=1599
Davalindi,دافاليندي,cholecalciferol,1000 IU,tablet,100 tablets,,vitamins-supplements,vitamin d supplement,vitamin d deficiency,no,no,high,https://dwaprices.com/ause.php?id=36
Davalindi,دافاليندي,cholecalciferol,10000 IU,tablet,30 tablets,,vitamins-supplements,vitamin d supplement,vitamin d deficiency,no,no,high,https://dwaprices.com/ause.php?id=36
Davalindi,دافاليندي,cholecalciferol,5000 IU,tablet,30 tablets,,vitamins-supplements,vitamin d supplement,vitamin d deficiency,no,no,high,https://dwaprices.com/ause.php?id=36
Declophen,ديكلوفين,diclofenac sodium,100 mg,suppository,5 suppositories,,analgesic;anti-inflammatory,nonsteroidal anti-inflammatory drug (nsaid),pain and inflammation relief,no,no,high,http://egyptiandrugstore.com/index.php?route=product/product&product_id=1915
Declophen,ديكلوفين,diclofenac sodium,25 mg,tablet,20 tablets,,analgesic;anti-inflammatory,nonsteroidal anti-inflammatory drug (nsaid),pain and inflammation relief,no,no,high,http://egyptiandrugstore.com/index.php?route=product%2Fproduct&product_id=3714
Declophen,ديكلوفين,diclofenac sodium,50 mg,tablet,20 tablets,,analgesic;anti-inflammatory,nonsteroidal anti-inflammatory drug (nsaid),pain and inflammation relief,no,no,high,http://egyptiandrugstore.com/index.php?route=product/product&product_id=1914
Delmonkast,دلمونكاست,montelukast,5 mg,chewable tablet,,,respiratory;allergy,leukotriene receptor antagonist,asthma and allergy prevention (children),no,no,medium,
Delmonkast,دلمونكاست,montelukast,10 mg,film-coated tablet,,,respiratory;allergy,leukotriene receptor antagonist,asthma and allergy prevention,no,no,medium,
Delpanto,ديلبانتو,pantoprazole,20 mg,film-coated tablet,14 tablets,,gastric,proton pump inhibitor,reduce stomach acid,no,no,high,https://dwaprices.com/med.php?id=9612
Depakine,ديباكين,valproate,200 mg/mL,oral solution,40 mL,Sanofi,neurology,antiepileptic,epilepsy and bipolar disorder,no,no,high,https://dwaprices.com/med.php?id=17261
Depakine,ديباكين,valproate,200 mg,tablet,40 tablets,Sanofi,neurology,antiepileptic,epilepsy and bipolar disorder,no,no,high,https://dwaprices.com/aorder.php?id=3414
Depakine Chrono,ديباكين كرونو,valproate,500 mg,extended-release tablet,30 tablets,Sanofi,neurology,antiepileptic,epilepsy and bipolar disorder,no,no,high,https://dwaprices.com/med.php?id=3416
Depovit B12,ديبوفيت ب12,hydroxocobalamin,1000 mcg/mL,injection,5 ampoules,,hematology,vitamin b12 supplement,b12 deficiency and pernicious anemia,no,no,high,https://dwaprices.com/ause.php?id=5
Dermatin,ديرماتين,clotrimazole,1%,cream,,,dermatology;antifungal,imidazole antifungal,fungal skin infection,no,no,high,https://tdawi.com/en_eg/catalogsearch/result/?q=clotrimazole
Dermazin,ديرمازين,silver sulfadiazine,1%,cream,50 g,SEDICO,dermatology;antibiotic,topical antibacterial,burns and wound care,no,no,medium,
Dermofix,ديرموفيكس,sertaconazole,2%,cream,15 g,Actoverco,dermatology;antifungal,imidazole antifungal,fungal skin infection,no,no,high,http://egyptiandrugstore.com/index.php?route=product%2Fproduct&product_id=3720
Dermovate,درموفيت,clobetasol,0.05%,cream,25 g,GSK,dermatology;corticosteroid,potent topical corticosteroid,severe eczema and psoriasis,no,no,high,https://dwaprices.com/med.php?id=3502
Dermovate,درموفيت,clobetasol,0.05%,ointment,25 g,GSK,dermatology;corticosteroid,potent topical corticosteroid,severe eczema and psoriasis,no,no,high,https://tdawi.com/en_eg/catalogsearch/result/?q=clobetasol
Desferal,ديسفيرال,deferoxamine,500 mg,injection,10 vials,Novartis,hematology,iron chelating agent,iron overload,no,no,high,https://dwaprices.com/ause.php?id=34
Detronin,ديترونين,oxybutynin,5 mg,tablet,20 tablets,,urology,antimuscarinic,overactive bladder,no,no,high,https://dwaprices.com/med.php?id=3522
Detrusitol SR,ديتروسيتول اس آر,tolterodine,4 mg,extended-release capsule,28 capsules,Pfizer,urology,antimuscarinic,overactive bladder,no,no,medium,
Devarol-S,ديفارول اس,cholecalciferol,200000 IU,injection,1 ampoule,,vitamins-supplements,vitamin d supplement,vitamin d deficiency,no,no,high,https://dwaprices.com/ause.php?id=36
Devarol-S,ديفارول اس,cholecalciferol,4500 IU/mL,oral drops,10 mL,,vitamins-supplements,vitamin d supplement,vitamin d deficiency,no,no,high,https://dwaprices.com/ause.php?id=36
Devart B12,ديفارت ب12,cyanocobalamin,1000 mcg,sublingual tablet,30 tablets,,hematology,vitamin b12 supplement,b12 deficiency,no,no,high,https://dwaprices.com/ause.php?id=31
Devart Zinc,ديفارت زنك,zinc sulfate,50 mg,tablet,30 tablets,,vitamins-supplements,zinc supplement,zinc deficiency and immune support,no,no,high,https://dwaprices.com/ause.php?id=46
Diabetin,ديابيتين,pioglitazone,15 mg,tablet,,,antidiabetic,thiazolidinedione,improves insulin sensitivity (diabetes),no,no,high,https://dwaprices.com/med.php?id=3571
Diabetin,ديابيتين,pioglitazone,30 mg,tablet,30 tablets,,antidiabetic,thiazolidinedione,improves insulin sensitivity (diabetes),no,no,high,https://dwaprices.com/med.php?id=3572
Diacalderm,دياكالديرم,calcipotriol;betamethasone,50 mcg/0.5 mg/g,ointment,20 g,,dermatology;corticosteroid,vitamin D analog + corticosteroid,psoriasis,no,no,medium,
Diamedizen,دياميدزين,gliclazide,30 mg,extended-release tablet,30 tablets,Medizen,antidiabetic,sulfonylurea,lowers blood sugar (diabetes),no,no,high,https://dwaprices.com/med.php?id=3596
Diamedizen,دياميدزين,gliclazide,60 mg,extended-release tablet,30 tablets,Medizen,antidiabetic,sulfonylurea,lowers blood sugar (diabetes),no,no,high,https://dwaprices.com/med.php?id=3597
Diamicron,دياميكرون,gliclazide,80 mg,tablet,20 tablets,Servier,antidiabetic,sulfonylurea,lowers blood sugar (diabetes),no,no,high,https://dwaprices.com/med.php?id=17566
Diamicron MR,دياميكرون ام ار,gliclazide,30 mg,extended-release tablet,30 tablets,Servier,antidiabetic,sulfonylurea,lowers blood sugar (diabetes),no,no,high,https://dwaprices.com/med.php?id=3598
Diamicron MR,دياميكرون ام ار,gliclazide,60 mg,extended-release tablet,30 tablets,Servier,antidiabetic,sulfonylurea,lowers blood sugar (diabetes),no,no,high,https://dwaprices.com/med.php?id=17564
Diaphage,ديافاج,metformin,1000 mg,film-coated tablet,,,antidiabetic,biguanide,controls blood sugar (diabetes),no,no,medium,
Diaphage,ديافاج,metformin,500 mg,film-coated tablet,,,antidiabetic,biguanide,controls blood sugar (diabetes),no,no,medium,
Diax,دياكس,nifuroxazide,200 mg,capsule,,,gastric,intestinal antiseptic,infectious diarrhea,no,no,medium,
Diclac,ديكلاك,diclofenac sodium,5%,gel,30 g,,anti-inflammatory;musculoskeletal,topical nsaid,topical pain and inflammation relief,no,no,high,http://egyptiandrugstore.com/index.php?route=product%2Fproduct&product_id=2044
Differin,ديفرين,adapalene,0.1%,gel,15 g,Galderma,dermatology,retinoid,acne treatment,no,no,high,https://tdawi.com/en_eg/differin-adapalene-0-1-gel-acne-treatment-0-5-oz-15-g
Diflucan,ديفلوكان,fluconazole,150 mg,capsule,1 capsule,Pfizer,antifungal,triazole antifungal,fungal infections,no,no,high,https://dwaprices.com/ause.php?id=11
Dilikorell,ديليكورل,nicorandil,20 mg,tablet,10 tablets,,cardiac,potassium channel activator,chest pain (angina),no,no,high,https://dwaprices.com/med.php?id=17664
Diprocortin,ديبروكورتين,betamethasone dipropionate;betamethasone sodium phosphate,5/2 mg/mL,injection,1 ampoule,,corticosteroid,corticosteroid (glucocorticoid) depot injection,reduces inflammation and allergy,no,no,high,https://dwaprices.com/med.php?id=17703
Diprofos,ديبروفوس,betamethasone dipropionate;betamethasone sodium phosphate,5/2 mg/mL,injection,1 ampoule,Schering-Plough,corticosteroid,corticosteroid (glucocorticoid) depot injection,reduces inflammation and allergy,no,no,high,https://dwaprices.com/med.php?id=17704
Diprosalic,ديبروساليك,betamethasone;salicylic acid,0.05%/2%,lotion,30 mL,MSD,dermatology;corticosteroid,corticosteroid + keratolytic,scalp psoriasis,no,no,high,https://dwaprices.com/med.php?id=3733
Diprosalic,ديبروساليك,betamethasone;salicylic acid,0.05%/3%,ointment,15 g,MSD,dermatology;corticosteroid,corticosteroid + keratolytic,psoriasis and thick scaly skin,no,no,high,https://egyptiandrugstore.com/index.php?product_id=3731&route=product%2Fproduct
Diprosone,ديبروزون,betamethasone,0.05%,cream,30 g,MSD,dermatology;corticosteroid,potent topical corticosteroid,eczema and psoriasis,no,no,high,https://russkaya-apteka.com/en/products/diprozon-krem-005-30-g
Diprosone,ديبروزون,betamethasone,0.05%,ointment,10 g,MSD,dermatology;corticosteroid,potent topical corticosteroid,eczema and psoriasis,no,no,high,https://www.bloompharmacy.com/collections/corticosteroids
Disflatyl,ديسفلاتيل,simethicone,80 mg,chewable tablet,,EIPICO,gastric,antifoaming agent,gas and bloating,no,no,medium,
Disflatyl,ديسفلاتيل,simethicone,40 mg/mL,oral drops,,EIPICO,gastric,antifoaming agent,gas and bloating,no,no,medium,
Distocide,ديستوسيد,praziquantel,600 mg,film-coated tablet,6 tablets,EIPICO,antiparasitic,anthelmintic,parasitic worm infections,no,no,medium,
Dixvit,ديكسفيت,cholecalciferol,10000 IU,tablet,20 tablets,,vitamins-supplements,vitamin d supplement,vitamin d deficiency,no,no,high,https://dwaprices.com/ause.php?id=36
Dogmatil,دوجماتيل,sulpiride,50 mg,capsule,30 capsules,Sanofi,psychiatric,antipsychotic / gastric prokinetic,psychosis and low mood,no,no,high,https://dwaprices.com/med.php?id=17757
Dogmatil Fort,دوجماتيل فورت,sulpiride,200 mg,tablet,10 tablets,Sanofi,psychiatric,antipsychotic / gastric prokinetic,psychosis and low mood,no,no,high,https://dwaprices.com/med.php?id=3775
Dolphin,دولفين,diclofenac sodium,3%,gel,30 g,,anti-inflammatory;musculoskeletal,topical nsaid,topical pain and inflammation relief,no,no,high,https://dwaprices.com/med.php?id=3803
Dolphin,دولفين,diclofenac sodium,75 mg/3 mL,injection,3 ampoules,,analgesic;anti-inflammatory,nonsteroidal anti-inflammatory drug (nsaid),pain and inflammation relief,no,no,high,https://russkaya-apteka.com/en/products/dolfin-75-mg-3-ampuly
Dolphin,دولفين,diclofenac sodium,12.5 mg,suppository,5 suppositories,,analgesic;anti-inflammatory,nonsteroidal anti-inflammatory drug (nsaid),pain and inflammation relief,no,no,high,https://yaoota.com/en-eg/product/dolphin-125mg-infantile-5-suppositories-price-from-agzakhana-egypt
Dolphin,دولفين,diclofenac sodium,25 mg,suppository,10 suppositories,,analgesic;anti-inflammatory,nonsteroidal anti-inflammatory drug (nsaid),pain and inflammation relief,no,no,high,https://gardeniapharmacy.com/product/dolphin-25mg-5-supp/?lang=en
Dolphin,دولفين,diclofenac sodium,50 mg,suppository,10 suppositories,,analgesic;anti-inflammatory,nonsteroidal anti-inflammatory drug (nsaid),pain and inflammation relief,no,no,high,https://russkaya-apteka.com/en/products/dolfin-50-mg-10-suppozitorij
Domby,دومبي,domperidone,10 mg,tablet,,,gastric,dopamine antagonist / prokinetic,nausea and bloating,no,no,medium,
Dostinex,دوستينكس,cabergoline,0.5 mg,tablet,2 tablets,Pfizer,endocrine,dopamine agonist,lowers prolactin hormone levels,no,no,high,https://dwaprices.com/med.php?id=3857
Doxirazol,دوكسيرازول,dexlansoprazole,30 mg,extended-release capsule,14 capsules,,gastric,proton pump inhibitor,reduce stomach acid,no,no,high,http://egyptiandrugstore.com/index.php?route=product%2Fproduct&product_id=2348
Dufaximin,دوفاكسيمين,rifaximin,200 mg,tablet,,,hepatic;gastric,non-absorbable antibiotic (rifamycin),traveler's diarrhea,no,no,high,https://dwaprices.com/ause.php?id=2
Dufaximin,دوفاكسيمين,rifaximin,550 mg,tablet,,,hepatic;gastric,non-absorbable antibiotic (rifamycin),hepatic encephalopathy,no,no,high,https://dwaprices.com/ause.php?id=2
Dulcolax,دولكولاكس,bisacodyl,5 mg,film-coated tablet,,,gastric,stimulant laxative,constipation,no,no,high,https://www.webteb.com/drug/بيساكوديل
Dulcolax,دولكولاكس,bisacodyl,10 mg,suppository,,,gastric,stimulant laxative,constipation,no,no,medium,
Duloxeprin,دولوكسبرين,duloxetine,30 mg,extended-release capsule,28 capsules,,psychiatric,snri antidepressant,depression and nerve pain,no,no,high,https://dwaprices.com/ause.php?id=50
Duodart,ديودارت,dutasteride;tamsulosin,0.5/0.4 mg,capsule,30 capsules,GlaxoSmithKline,urology,5-alpha reductase inhibitor + alpha-1 blocker,enlarged prostate,no,no,high,https://www.bloompharmacy.com/products/duodart-0-5-mg-0-4-mg-30-capsules
DuoTrav,دوتراف,travoprost;timolol,0.004%/0.5%,eye drops,2.5 mL,Alcon,ophthalmic,prostaglandin analogue + beta-blocker,glaucoma eye pressure,no,no,high,https://tdawi.com/en_eg/duotrav-eye-drops-2-5-ml
Duphalac,دوفالاك,lactulose,10 g/15 mL,syrup,,,gastric;hepatic,osmotic laxative,constipation or liver-related confusion,no,no,medium,
Duphaston,دوفاستون,dydrogesterone,10 mg,film-coated tablet,60 tablets,Abbott,womens-health,progestogen,threatened miscarriage/hormone support,no,no,high,http://egyptiandrugstore.com/index.php?route=product/product&product_id=4669
Duserex,ديوسيريكس,dutasteride,0.5 mg,capsule,30 capsules,,urology,5-alpha reductase inhibitor,shrinks enlarged prostate,no,no,high,https://en.egyptdwa.com/s/2591
Duspatalin,دوسباتالين,mebeverine,200 mg,extended-release capsule,30 capsules,Abbott,gastric,musculotropic antispasmodic,irritable bowel cramps,no,no,high,https://dwaprices.com/med.php?id=3925
Duspatalin,دوسباتالين,mebeverine,135 mg,tablet,50 tablets,Abbott,gastric,musculotropic antispasmodic,irritable bowel cramps,no,no,high,https://dwaprices.com/med.php?id=3924
Dusta,دوستا,dutasteride,0.5 mg,capsule,30 capsules,,urology,5-alpha reductase inhibitor,shrinks enlarged prostate,no,no,high,https://en.egyptdwa.com/s/2591
E-mox,اي موكس,amoxicillin,500 mg,capsule,16 capsules,,antibiotic,aminopenicillin,bacterial infections,no,no,high,https://dwaprices.com/ause.php?id=26
E-moxclav,اي موكسكلاف,amoxicillin;clavulanic acid,875/125 mg,film-coated tablet,10 tablets,,antibiotic,aminopenicillin + beta-lactamase inhibitor,bacterial infections,no,no,high,https://dwaprices.com/ause.php?id=26
E-moxclav,اي موكسكلاف,amoxicillin;clavulanic acid,400/57 mg/5 mL,powder for oral suspension,70 mL,,antibiotic,aminopenicillin + beta-lactamase inhibitor,bacterial infections,no,no,high,https://dwaprices.com/ause.php?id=26
Ebixa,ايبيكسا,memantine,10 mg,film-coated tablet,,Lundbeck,neurology,nmda receptor antagonist,alzheimer's dementia,no,no,medium,
Ectomethrin,إكتوميثرين,permethrin,5%,lotion,,,dermatology;antiparasitic,scabicide,scabies and lice treatment,no,no,medium,
Efexor XR,ايفكسور اكس ار,venlafaxine,150 mg,extended-release capsule,14 capsules,Pfizer,psychiatric,snri antidepressant,depression and anxiety,no,no,high,https://dwaprices.com/ause.php?id=50
Efexor XR,ايفكسور اكس ار,venlafaxine,75 mg,extended-release capsule,14 capsules,Pfizer,psychiatric,snri antidepressant,depression and anxiety,no,no,high,https://dwaprices.com/ause.php?id=50
Effegad,ايفيجاد,venlafaxine,150 mg,extended-release capsule,28 capsules,,psychiatric,snri antidepressant,depression and anxiety,no,no,high,https://dwaprices.com/ause.php?id=50
Effox,ايفوكس,isosorbide mononitrate,20 mg,tablet,20 tablets,Minapharm,cardiac,nitrate vasodilator,chest pain (angina),no,no,high,https://dwaprices.com/med.php?id=4017
Effox,ايفوكس,isosorbide mononitrate,25 mg,tablet,30 tablets,Minapharm,cardiac,nitrate vasodilator,chest pain (angina),no,no,high,https://dwaprices.com/med.php?id=4018
Egyram,ايجرام,piracetam,800 mg,tablet,,,neurology,nootropic,memory and cognitive support,no,no,high,https://dwaprices.com/ause.php?id=53
Ekiroz,ايكيروز,pantoprazole,40 mg,film-coated tablet,14 tablets,,gastric,proton pump inhibitor,reduce stomach acid,no,no,high,https://dwaprices.com/med.php?id=9612
Elica,إيليكا,mometasone,0.1%,cream,15 g,,dermatology;corticosteroid,potent topical corticosteroid,eczema and psoriasis,no,no,high,https://gardeniapharmacies.com/en/?s=elica
Elica-M,إيليكا إم,mometasone;miconazole,0.1%/2%,cream,15 g,,dermatology;corticosteroid;antifungal,corticosteroid + antifungal,fungal skin infection with inflammation,no,no,high,https://gardeniapharmacies.com/en/?s=elica
Eliquis,اليكويس,apixaban,2.5 mg,film-coated tablet,,Bristol-Myers Squibb/Pfizer,anticoagulant,direct factor xa inhibitor,prevent blood clots,no,no,medium,
Eliquis,اليكويس,apixaban,5 mg,film-coated tablet,20 tablets,Bristol-Myers Squibb/Pfizer,anticoagulant,direct factor xa inhibitor,prevent blood clots,no,no,high,https://dwaprices.com/med.php?id=18182
Eltroxin,التروكسين,levothyroxine,100 mcg,tablet,100 tablets,GSK,endocrine,thyroid hormone replacement,treats underactive thyroid,no,no,high,https://dwaprices.com/med.php?id=4098
Eltroxin,التروكسين,levothyroxine,50 mcg,tablet,100 tablets,GSK,endocrine,thyroid hormone replacement,treats underactive thyroid,no,no,high,https://dwaprices.com/med.php?id=4100
Ema Itopride,ايما ايتوبرايد,itopride,50 mg,tablet,30 tablets,,gastric,prokinetic (dopamine antagonist),bloating and indigestion,no,no,high,https://dwaprices.com/med.php?id=4114
Empagliform,امباجليفورم,empagliflozin;metformin,5/500 mg,film-coated tablet,30 tablets,,antidiabetic,SGLT2 inhibitor + biguanide,lowers blood sugar (diabetes),no,no,high,https://dwaprices.com/med.php?id=18285
Ensudyne,انسودين,pioglitazone,15 mg,tablet,7 tablets,,antidiabetic,thiazolidinedione,improves insulin sensitivity (diabetes),no,no,high,https://dwaprices.com/med.php?id=4200
Entecavir,انتيكافير,entecavir,0.25 mg/5 mL,oral solution,210 mL,,hepatic;antiviral,nucleoside analog reverse transcriptase inhibitor (antiviral),hepatitis B treatment (children),no,no,high,https://dwaprices.com/aorder.php?id=18335
Entresto,انترستو,sacubitril;valsartan,24/26 mg,film-coated tablet,28 tablets,Novartis,cardiac,angiotensin receptor-neprilysin inhibitor,heart failure,no,no,high,https://dwaprices.com/med.php?id=18350
Entresto,انترستو,sacubitril;valsartan,49/51 mg,film-coated tablet,28 tablets,Novartis,cardiac,angiotensin receptor-neprilysin inhibitor,heart failure,no,no,high,https://dwaprices.com/med.php?id=18348
Entresto,انترستو,sacubitril;valsartan,97/103 mg,film-coated tablet,56 tablets,Novartis,cardiac,angiotensin receptor-neprilysin inhibitor,heart failure,no,no,high,http://egyptiandrugstore.com/index.php?route=product/product&product_id=3927
Epanutin,ابانوتين,phenytoin,100 mg,capsule,50 capsules,Pfizer,neurology,antiepileptic,epilepsy,no,no,high,https://dwaprices.com/ause.php?id=42
Epirazole,ابيرازول,omeprazole,20 mg,capsule,14 capsules,,gastric,proton pump inhibitor,reduce stomach acid,no,no,high,https://dwaprices.com/med.php?id=9225
Epirazole,ابيرازول,omeprazole,40 mg,capsule,10 capsules,,gastric,proton pump inhibitor,reduce stomach acid,no,no,high,https://dwaprices.com/med.php?id=9225
Eprex,ايبريكس,epoetin alfa,10000 IU,injection,1 prefilled syringe,Janssen,hematology,erythropoiesis-stimulating agent,anemia in kidney disease or chemotherapy,yes,no,medium,
Eprex,ايبريكس,epoetin alfa,2000 IU,injection,1 prefilled syringe,Janssen,hematology,erythropoiesis-stimulating agent,anemia in kidney disease or chemotherapy,yes,no,medium,
Eprex,ايبريكس,epoetin alfa,4000 IU,injection,1 prefilled syringe,Janssen,hematology,erythropoiesis-stimulating agent,anemia in kidney disease or chemotherapy,yes,no,medium,
Erec,إيريك,sildenafil,100 mg,film-coated tablet,12 tablets,Adwia,urology,PDE5 inhibitor,erectile dysfunction,no,no,high,https://dwaprices.com/med.php?id=18513
Erythrocin,اريثروسين,erythromycin,500 mg,film-coated tablet,,Abbott,antibiotic,macrolide,bacterial infections,no,no,medium,
Esmopump,اسموبمب,esomeprazole,20 mg,film-coated tablet,14 tablets,,gastric,proton pump inhibitor,reduce stomach acid,no,no,high,https://egyptiandrugstore.com/index.php?product_id=2391&route=product%2Fproduct
Esmopump,اسموبمب,esomeprazole,40 mg,film-coated tablet,14 tablets,,gastric,proton pump inhibitor,reduce stomach acid,no,no,high,https://egyptiandrugstore.com/index.php?product_id=3887&route=product%2Fproduct
Eso-Protocol,ايزو-بروتوكول,esomeprazole,40 mg,capsule,10 capsules,,gastric,proton pump inhibitor,reduce stomach acid,no,no,high,https://dwaprices.com/med.php?id=8812
Esomelodan,ايزوميلودان,esomeprazole,20 mg,film-coated tablet,20 tablets,,gastric,proton pump inhibitor,reduce stomach acid,no,no,high,https://dwaprices.com/med.php?id=8812
Esomelodan,ايزوميلودان,esomeprazole,40 mg,film-coated tablet,20 tablets,,gastric,proton pump inhibitor,reduce stomach acid,no,no,high,https://dwaprices.com/med.php?id=8812
Esomeprazole-Eva,ايزوميبرازول ايفا,esomeprazole,20 mg,film-coated tablet,20 tablets,Eva Pharma,gastric,proton pump inhibitor,reduce stomach acid,no,no,high,https://dwaprices.com/med.php?id=32813
Esomeprazole-Eva,ايزوميبرازول ايفا,esomeprazole,40 mg,injection,1 vial,Eva Pharma,gastric,proton pump inhibitor,reduce stomach acid,no,no,high,https://dwaprices.com/med.php?id=8812
Estikan,إستيكان,escitalopram,10 mg,tablet,14 tablets,,psychiatric,ssri antidepressant,depression and anxiety,no,no,high,https://dwaprices.com/ause.php?id=50
Euthyrox,يوثيروكس,levothyroxine,25 mcg,tablet,100 tablets,Merck,endocrine,thyroid hormone replacement,treats underactive thyroid,no,no,high,https://dwaprices.com/indications.php?id=18659
Exapine,اكسابين,enoxaparin,20 mg/0.2 mL,injection,2 prefilled syringes,Wadi El-Neel Benta,anticoagulant,low molecular weight heparin,prevent blood clots,no,no,high,https://yaoota.com/ar-eg/product/exapine-20mg02ml-2-prefilled-syringe-price-from-misr_online-egypt
Exapine,اكسابين,enoxaparin,40 mg/0.4 mL,injection,2 prefilled syringes,Wadi El-Neel Benta,anticoagulant,low molecular weight heparin,prevent blood clots,no,no,high,https://dwaprices.com/med.php?id=30506
Exapine,اكسابين,enoxaparin,60 mg/0.6 mL,injection,2 prefilled syringes,Wadi El-Neel Benta,anticoagulant,low molecular weight heparin,prevent blood clots,no,no,high,https://dwaprices.com/med.php?id=352
Exapine,اكسابين,enoxaparin,80 mg/0.8 mL,injection,2 prefilled syringes,Wadi El-Neel Benta,anticoagulant,low molecular weight heparin,prevent blood clots,no,no,high,https://dwaprices.com/med.php?id=31856
Exforge,اكسفورج,amlodipine;valsartan,10/160 mg,film-coated tablet,14 tablets,Novartis,cardiac,angiotensin receptor blocker + calcium channel blocker,high blood pressure,no,no,high,https://dwaprices.com/med.php?id=4537
Exforge,اكسفورج,amlodipine;valsartan,10/80 mg,film-coated tablet,,Novartis,cardiac,angiotensin receptor blocker + calcium channel blocker,high blood pressure,no,no,medium,
Exforge,اكسفورج,amlodipine;valsartan,5/160 mg,film-coated tablet,14 tablets,Novartis,cardiac,angiotensin receptor blocker + calcium channel blocker,high blood pressure,no,no,high,https://dwaprices.com/med.php?id=4538
Exforge,اكسفورج,amlodipine;valsartan,5/80 mg,film-coated tablet,,Novartis,cardiac,angiotensin receptor blocker + calcium channel blocker,high blood pressure,no,no,medium,
Exforge HCT,اكسفورج اتش سي تي,amlodipine;valsartan;hydrochlorothiazide,10/160/25 mg,film-coated tablet,14 tablets,Novartis,cardiac,angiotensin receptor blocker + calcium channel blocker + thiazide diuretic,high blood pressure,no,no,high,https://dwaprices.com/med.php?id=4540
Ezetimibe,ايزيتيمايب,ezetimibe,10 mg,tablet,10 tablets,,lipid,cholesterol absorption inhibitor,lower cholesterol,no,no,high,https://dwaprices.com/med.php?id=18760
Ezetrol,ايزيترول,ezetimibe,10 mg,tablet,7 tablets,MSD,lipid,cholesterol absorption inhibitor,lower cholesterol,no,no,high,https://dwaprices.com/med.php?id=18761
Ezogast,ايزوجاست,esomeprazole,20 mg,capsule,14 capsules,,gastric,proton pump inhibitor,reduce stomach acid,no,no,high,https://dwaprices.com/med.php?id=8812
Ezogast,ايزوجاست,esomeprazole,40 mg,capsule,28 capsules,,gastric,proton pump inhibitor,reduce stomach acid,no,no,high,https://dwaprices.com/med.php?id=8812
Famotak,فاموتاك,famotidine,20 mg,film-coated tablet,20 tablets,,gastric,H2-receptor antagonist,reduce stomach acid,no,no,high,https://dwaprices.com/med.php?id=4632
Famotin,فاموتين,famotidine,20 mg,tablet,20 tablets,,gastric,H2-receptor antagonist,reduce stomach acid,no,no,high,https://dwaprices.com/med.php?id=4635
Famotin,فاموتين,famotidine,40 mg,tablet,20 tablets,,gastric,H2-receptor antagonist,reduce stomach acid,no,no,high,https://dwaprices.com/med.php?id=4636
Fasigyn,فاسيجين,tinidazole,500 mg,film-coated tablet,,Pfizer,antiparasitic,nitroimidazole,parasitic and anaerobic bacterial infections,no,no,medium,
Fastcure,فاست كيور,omeprazole,20 mg,capsule,14 capsules,,gastric,proton pump inhibitor,reduce stomach acid,no,no,high,https://dwaprices.com/med.php?id=9225
Fastcure,فاست كيور,omeprazole,40 mg,capsule,14 capsules,,gastric,proton pump inhibitor,reduce stomach acid,no,no,high,https://dwaprices.com/med.php?id=9225
Fastel,فاستيل,fexofenadine,120 mg,film-coated tablet,10 tablets,,allergy,antihistamine,allergy symptom relief,no,no,high,http://egyptiandrugstore.com/index.php?route=product/product&product_id=2402
Fastum Gel,فاستم جيل,ketoprofen,2.5%,gel,50 g,Menarini,anti-inflammatory;musculoskeletal,topical nsaid,topical muscle and joint pain relief,no,no,high,https://www.noon.com/egypt-en/gel-ketoprofen-2-5-50g/Z3135C2DE8817C6BE05A7Z/p/
Faverin,فافيرين,fluvoxamine,100 mg,film-coated tablet,30 tablets,Abbott,psychiatric,ssri antidepressant,depression and obsessive-compulsive disorder,no,no,high,https://dwaprices.com/ause.php?id=50
Faverin,فافيرين,fluvoxamine,50 mg,film-coated tablet,60 tablets,Abbott,psychiatric,ssri antidepressant,depression and obsessive-compulsive disorder,no,no,high,https://dwaprices.com/ause.php?id=50
Feldene,فيلدين,piroxicam,20 mg,capsule,10 capsules,Pfizer,analgesic;anti-inflammatory,nonsteroidal anti-inflammatory drug (nsaid),arthritis pain and inflammation relief,no,no,high,https://egyptiandrugstore.com/index.php?product_id=2401&route=product%2Fproduct
Feldene,فيلدين,piroxicam,0.5%,gel,15 g,Pfizer,anti-inflammatory;musculoskeletal,topical nsaid,topical arthritis pain relief,no,no,medium,
Feldene,فيلدين,piroxicam,20 mg/mL,injection,,Pfizer,analgesic;anti-inflammatory,nonsteroidal anti-inflammatory drug (nsaid),arthritis pain and inflammation relief,no,no,medium,
Femara,فيمارا,letrozole,2.5 mg,tablet,30 tablets,Novartis,womens-health,aromatase inhibitor,fertility treatment,no,no,high,https://www.bloompharmacy.com/products/femara-2-5-mg-30-tablets
Fenistil,فينيستيل,dimethindene,0.1%,gel,20 g,Novartis,dermatology;allergy,antihistamine,itching and insect bites,no,no,high,https://dwaprices.com/med.php?id=4789
Feroglobin,فيروجلوبين,ferrous fumarate;zinc;copper;vitamin b6;vitamin b12;folic acid,17 mg/12 mg/1 mg/5 mg/10 mcg/400 mcg,capsule,30 capsules,Vitabiotics,hematology,iron + multivitamin supplement,anemia support and iron deficiency,no,no,high,https://www.bloompharmacy.com/products/feroglobin-30-capsules
Ferosac,فيروزاك,iron sucrose,100 mg/5 mL,injection,5 ampoules,,hematology,iron replacement (IV),iron deficiency anemia (IV),no,no,high,https://dwaprices.com/ause.php?id=34
Ferrotron,فيروترون,iron;zinc;copper;vitamin b12;folic acid;vitamin c,,capsule,30 capsules,Nerhadou,vitamins-supplements;hematology,multivitamin,iron and mineral deficiency support,no,no,medium,
Fertoment,فيرتومنت,ferrous bisglycinate,30 mg,capsule,30 capsules,,hematology,iron replacement,iron deficiency anemia,no,no,high,https://dwaprices.com/ause.php?id=34
Finastura,فيناستورا,finasteride,5 mg,film-coated tablet,30 tablets,,urology,5-alpha reductase inhibitor,shrinks enlarged prostate,no,no,high,http://egyptiandrugstore.com/index.php?route=product%2Fproduct&product_id=2397
Flagyl,فلاجيل,metronidazole,500 mg,film-coated tablet,,Sanofi,antiparasitic,nitroimidazole,bacterial and parasitic infections,no,no,medium,
Flagyl,فلاجيل,metronidazole,250 mg,tablet,,Sanofi,antiparasitic,nitroimidazole,bacterial and parasitic infections,no,no,medium,
Flavicef,فلافيسيف,cefixime,100 mg/5 mL,powder for oral suspension,60 mL,,antibiotic,third-generation cephalosporin,bacterial infections,no,no,high,https://dwaprices.com/med.php?id=19113
Flexofan,فليكسوفان,chlorzoxazone;ketoprofen,250/50 mg,capsule,20 capsules,,analgesic;musculoskeletal,muscle relaxant + nsaid combination,muscle pain and spasm relief,no,no,high,https://egyptiandrugstore.com/index.php?product_id=2419&route=product%2Fproduct
Flixonase,فليكسونيز,fluticasone propionate,0.05%,nasal spray,150 doses,GSK,ent;allergy;corticosteroid,corticosteroid,nasal allergy congestion,no,no,medium,
Floxapen,فلوكسابين,flucloxacillin,500 mg,capsule,,,antibiotic,penicillinase-resistant penicillin,bacterial infections,no,no,medium,
Floxapen,فلوكسابين,flucloxacillin,250 mg/5 mL,powder for oral suspension,,,antibiotic,penicillinase-resistant penicillin,bacterial infections,no,no,medium,
Fluanxol Depot,فلوانكسول ديبو,flupentixol decanoate,40 mg/2 mL,injection,10 ampoules,Lundbeck,psychiatric,typical antipsychotic (long-acting),schizophrenia maintenance,no,no,high,https://dwaprices.com/med.php?id=19186
Flucoral,فلوكورال,fluconazole,150 mg,capsule,2 capsules,,antifungal,triazole antifungal,fungal infections,no,no,high,https://dwaprices.com/ause.php?id=11
Fluimucil,فلويميوسيل,acetylcysteine,600 mg,effervescent tablet,10 tablets,Zambon,respiratory,mucolytic,loosen mucus and ease cough,no,no,high,http://egyptiandrugstore.com/index.php?route=product/product&product_id=5545
Flumox,فلوموكس,amoxicillin,500 mg,capsule,16 capsules,,antibiotic,aminopenicillin,bacterial infections,no,no,high,https://dwaprices.com/ause.php?id=26
Flumox,فلوموكس,amoxicillin,1000 mg,film-coated tablet,15 tablets,,antibiotic,aminopenicillin,bacterial infections,no,no,high,https://dwaprices.com/ause.php?id=26
Fluoxetine,فلوكسيتين,fluoxetine,20 mg,capsule,10 capsules,,psychiatric,ssri antidepressant,depression and anxiety,no,no,high,https://dwaprices.com/med.php?id=5026
FML,اف ام ال,fluorometholone,0.1%,eye drops,5 mL,Allergan,ophthalmic;corticosteroid,corticosteroid,eye inflammation,no,no,medium,
Folic Acid,حمض الفوليك,folic acid,400 mcg,tablet,250 tablets,,hematology,folate supplement,folate deficiency and pregnancy,no,no,high,https://dwaprices.com/ause.php?id=33
Folic Acid,حمض الفوليك,folic acid,800 mcg,tablet,250 tablets,,hematology,folate supplement,folate deficiency and pregnancy,no,no,high,https://dwaprices.com/ause.php?id=33
Folic Acid Amoun,حمض الفوليك أمون,folic acid,5 mg,tablet,20 tablets,Amoun,hematology,folate supplement,folate deficiency and pregnancy,no,no,high,https://dwaprices.com/ause.php?id=33
Folic Acid EIPICO,حمض الفوليك ايبيكو,folic acid,5 mg,tablet,20 tablets,EIPICO,hematology,folate supplement,folate deficiency and pregnancy,no,no,high,https://dwaprices.com/ause.php?id=33
Folic Acid El Nile,حمض الفوليك النيل,folic acid,5 mg,tablet,30 tablets,El Nile,hematology,folate supplement,folate deficiency and pregnancy,no,no,high,https://dwaprices.com/ause.php?id=33
Folic Acid Memphis,حمض الفوليك ممفيس,folic acid,5 mg,tablet,30 tablets,Memphis,hematology,folate supplement,folate deficiency and pregnancy,no,no,high,https://dwaprices.com/ause.php?id=33
Folic Acid Mepaco,حمض الفوليك ميباكو,folic acid,500 mcg,tablet,20 tablets,Mepaco,hematology,folate supplement,folate deficiency and pregnancy,no,no,high,https://dwaprices.com/ause.php?id=33
Forflozin,فورفلوزين,dapagliflozin,5 mg,film-coated tablet,30 tablets,,antidiabetic,SGLT2 inhibitor,lowers blood sugar (diabetes),no,no,high,https://dwaprices.com/med.php?id=13384
Forlax,فورلاكس,macrogol,10 g,sachet,,Ipsen,gastric,osmotic laxative (PEG),constipation,no,no,medium,
Fortecortin,فورتيكورتين,dexamethasone,8 mg/2 mL,injection,3 ampoules,Merck,corticosteroid,corticosteroid (glucocorticoid),reduces inflammation and allergy,no,no,high,https://dwaprices.com/similars.php?id=5109
Forxiga,فورسيجا,dapagliflozin,10 mg,film-coated tablet,28 tablets,AstraZeneca,antidiabetic,SGLT2 inhibitor,lowers blood sugar (diabetes),no,no,high,https://dwaprices.com/med.php?id=19361
Forxiga,فورسيجا,dapagliflozin,5 mg,film-coated tablet,28 tablets,AstraZeneca,antidiabetic,SGLT2 inhibitor,lowers blood sugar (diabetes),no,no,high,https://dwaprices.com/med.php?id=19362
Fosamax,فوساماكس,alendronate,70 mg,tablet,2 tablets,MSD,endocrine,bisphosphonate,treats osteoporosis (bone thinning),no,no,high,https://dwaprices.com/med.php?id=5119
Foster,فوستر,beclomethasone;formoterol,100/6 mcg,inhaler,120 doses,Chiesi,respiratory,inhaled corticosteroid + long-acting beta2 agonist,asthma/COPD control,no,no,high,https://dwaprices.com/med.php?id=19366
Fucicort,فيوسيكورت,betamethasone;fusidic acid,0.1%/2%,cream,15 g,LEO Pharma,dermatology;corticosteroid;antibiotic,corticosteroid + antibiotic,infected eczema,no,no,high,https://egyptiandrugstore.com/index.php?route=product%2Fproduct&product_id=2057
Fucidin,فيوسيدين,fusidic acid,2%,cream,15 g,LEO Pharma,dermatology;antibiotic,topical antibiotic,bacterial skin infection,no,no,high,https://tdawi.com/en_eg/catalogsearch/result/?q=fusidic
Fucithalmic,فيوسيثالميك,fusidic acid,1%,eye drops,5 g,Leo Pharma,ophthalmic;antibiotic,fusidane antibiotic,bacterial eye infection,no,no,medium,
Fulprazal,فولبرازال,esomeprazole,40 mg,capsule,20 capsules,,gastric,proton pump inhibitor,reduce stomach acid,no,no,high,https://dwaprices.com/med.php?id=8812
Fungican,فنجيكان,fluconazole,150 mg,capsule,2 capsules,,antifungal,triazole antifungal,fungal infections,no,no,high,https://dwaprices.com/ause.php?id=11
Fusi,فيوزي,fusidic acid,2%,ointment,15 g,,dermatology;antibiotic,topical antibiotic,bacterial skin infection,no,no,high,https://tdawi.com/en_eg/catalogsearch/result/?q=fusidic
Fusi Zon,فيوزي زون,betamethasone;fusidic acid,0.1%/2%,cream,15 g,,dermatology;corticosteroid;antibiotic,corticosteroid + antibiotic,infected eczema,no,no,medium,
Fusiderm,فيوسيديرم,fusidic acid,2%,cream,15 g,,dermatology;antibiotic,topical antibiotic,bacterial skin infection,no,no,high,https://gardeniapharmacies.com/en/?s=fusiderm
Gabalepsy,جابالبسي,gabapentin,300 mg,capsule,30 capsules,,neurology,antiepileptic / nerve pain agent,epilepsy and nerve pain,no,no,high,https://dwaprices.com/ause.php?id=42
Galvus,جالفس,vildagliptin,50 mg,tablet,28 tablets,Novartis,antidiabetic,DPP-4 inhibitor,lowers blood sugar (diabetes),no,no,high,https://dwaprices.com/med.php?id=5299
Galvus Met,جالفس ميت,vildagliptin;metformin,50/1000 mg,film-coated tablet,30 tablets,Novartis,antidiabetic,DPP-4 inhibitor + biguanide,lowers blood sugar (diabetes),no,no,high,https://dwaprices.com/similars.php?id=19546
Galvus Met,جالفس ميت,vildagliptin;metformin,50/500 mg,film-coated tablet,30 tablets,Novartis,antidiabetic,DPP-4 inhibitor + biguanide,lowers blood sugar (diabetes),no,no,high,https://dwaprices.com/similars.php?id=5301
Ganfort,جانفورت,bimatoprost;timolol,0.03%/0.5%,eye drops,3 mL,Allergan,ophthalmic,prostaglandin analogue + beta-blocker,glaucoma eye pressure,no,no,medium,
Garamycin,جاراميسين,gentamicin,0.1%,cream,15 g,,dermatology;antibiotic,aminoglycoside antibiotic,bacterial skin infection,no,no,high,https://tdawi.com/en_eg/catalogsearch/result/?q=garamycin
Garamycin,جاراميسين,gentamicin,0.3%,eye drops,5 mL,,ophthalmic;antibiotic,aminoglycoside antibiotic,bacterial eye infection,no,no,medium,
Garamycin,جاراميسين,gentamicin,0.1%,ointment,15 g,,dermatology;antibiotic,aminoglycoside antibiotic,bacterial skin infection,no,no,high,https://tdawi.com/en_eg/catalogsearch/result/?q=garamycin
Garopride,جاروبرايد,itopride,50 mg,film-coated tablet,30 tablets,,gastric,prokinetic (dopamine antagonist),bloating and indigestion,no,no,high,https://dwaprices.com/med.php?id=5339
Gasec,جازيك,omeprazole,20 mg,capsule,14 capsules,,gastric,proton pump inhibitor,reduce stomach acid,no,no,high,https://dwaprices.com/med.php?id=9225
Gastrazole,جاسترازول,omeprazole,20 mg,capsule,14 capsules,,gastric,proton pump inhibitor,reduce stomach acid,no,no,high,https://dwaprices.com/med.php?id=9225
Gastrobiotic,جاستروبيوتك,rifaximin,200 mg,tablet,,,hepatic;gastric,non-absorbable antibiotic (rifamycin),traveler's diarrhea,no,no,high,https://dwaprices.com/ause.php?id=2
Gastrobiotic,جاستروبيوتك,rifaximin,550 mg,tablet,,,hepatic;gastric,non-absorbable antibiotic (rifamycin),hepatic encephalopathy,no,no,high,https://dwaprices.com/ause.php?id=2
Gaviscon,جافيسكون,sodium alginate;sodium bicarbonate;calcium carbonate,500/267/160 mg/10 mL,suspension,,Reckitt Benckiser,gastric,alginate antacid,heartburn and acid reflux,no,no,medium,
Gentamicin,جنتاميسين,gentamicin,80 mg/2 mL,injection,1 ampoule,,antibiotic,aminoglycoside,severe bacterial infections,no,no,medium,
Genteal,جينتيل,hypromellose,0.3%,eye gel,10 g,Alcon,ophthalmic,lubricant,dry eyes,no,no,medium,
Glargivin,جلارجيفين,insulin glargine,100 IU/mL,injection,5 cartridges,Eva Pharma,antidiabetic,long-acting insulin analogue,controls blood sugar (diabetes),yes,no,high,https://dwaprices.com/med.php?id=1909
Glaryl,جلاريل,glimepiride,2 mg,tablet,30 tablets,Global Napi Pharmaceuticals,antidiabetic,sulfonylurea,lowers blood sugar (diabetes),no,no,high,https://dwaprices.com/med.php?id=5534
Glimepiride Plus,جليمبيريد بلس,glimepiride;pioglitazone,2/30 mg,tablet,20 tablets,,antidiabetic,sulfonylurea + thiazolidinedione,lowers blood sugar (diabetes),no,no,high,https://dwaprices.com/similars.php?id=19839
Glimepiride Plus,جليمبيريد بلس,glimepiride;pioglitazone,4/30 mg,tablet,30 tablets,,antidiabetic,sulfonylurea + thiazolidinedione,lowers blood sugar (diabetes),no,no,high,https://dwaprices.com/med.php?id=5562
Glimitoid,جليميتويد,glimepiride,1 mg,tablet,30 tablets,Eva Pharma,antidiabetic,sulfonylurea,lowers blood sugar (diabetes),no,no,high,https://dwaprices.com/med.php?id=19844
Glucophage,جلوكوفاج,metformin,1000 mg,film-coated tablet,,Merck,antidiabetic,biguanide,controls blood sugar (diabetes),no,no,medium,
Glucophage,جلوكوفاج,metformin,500 mg,film-coated tablet,50 tablets,Merck,antidiabetic,biguanide,controls blood sugar (diabetes),no,no,high,https://dwaprices.com/med.php?id=5607
Glucophage,جلوكوفاج,metformin,850 mg,film-coated tablet,,Merck,antidiabetic,biguanide,controls blood sugar (diabetes),no,no,medium,
Glucophage XR,جلوكوفاج اكس ار,metformin,1000 mg,extended-release tablet,30 tablets,Merck,antidiabetic,biguanide,controls blood sugar (diabetes),no,no,high,https://dwaprices.com/med.php?id=5609
Glucophage XR,جلوكوفاج اكس ار,metformin,500 mg,extended-release tablet,,Merck,antidiabetic,biguanide,controls blood sugar (diabetes),no,no,medium,
Gynera,جينيرا,desogestrel;ethinylestradiol,0.075/0.03 mg,tablet,21 tablets,Bayer,womens-health,combined oral contraceptive,birth control,no,no,medium,
Gyno-Daktarin,جينو دكتارين,miconazole,2%,vaginal cream,,Janssen,womens-health;antifungal,imidazole antifungal,vaginal yeast infection,no,no,medium,
Haemojet,هيموجيت,iron polymaltose complex,100 mg,capsule,36 capsules,,hematology,iron replacement,iron deficiency anemia,no,no,high,https://dwaprices.com/ause.php?id=34
Haemojet,هيموجيت,iron polymaltose complex,100 mg/2 mL,injection,6 ampoules,,hematology,iron replacement,iron deficiency anemia,no,no,high,https://dwaprices.com/ause.php?id=34
Haemojet,هيموجيت,iron polymaltose complex,50 mg/5 mL,syrup,100 mL,,hematology,iron replacement,iron deficiency anemia,no,no,high,https://dwaprices.com/ause.php?id=34
Hairgrow,هيرجرو,minoxidil,5%,topical solution,50 mL,Dar Al Dawa,dermatology,hair growth stimulant,hair loss treatment,no,no,medium,
Haldol,هالدول,haloperidol,5 mg,tablet,,Janssen,psychiatric,typical antipsychotic,schizophrenia and severe agitation,no,no,high,https://dwaprices.com/ause.php?id=16
Haldol Decanoate,هالدول ديكانوات,haloperidol decanoate,50 mg/mL,injection,1 ampoule,Janssen,psychiatric,typical antipsychotic (long-acting),schizophrenia maintenance,no,no,high,https://dwaprices.com/ause.php?id=16
Halonace,هالوناس,haloperidol,5 mg,tablet,10 tablets,,psychiatric,typical antipsychotic,schizophrenia and severe agitation,no,no,high,https://dwaprices.com/ause.php?id=16
Harvoni,هارفوني,ledipasvir;sofosbuvir,90/400 mg,film-coated tablet,28 tablets,Gilead,hepatic;antiviral,NS5A/NS5B inhibitor combination (antiviral),hepatitis C treatment,no,no,high,https://dwaprices.com/med.php?id=20260
Healsec,هيلسك,omeprazole,20 mg,capsule,14 capsules,,gastric,proton pump inhibitor,reduce stomach acid,no,no,high,https://dwaprices.com/med.php?id=9225
Healsec,هيلسك,omeprazole,40 mg,capsule,14 capsules,,gastric,proton pump inhibitor,reduce stomach acid,no,no,high,https://dwaprices.com/med.php?id=9225
Hebixime,هيبيكسيم,cefixime,400 mg,capsule,5 capsules,,antibiotic,third-generation cephalosporin,bacterial infections,no,no,high,https://dwaprices.com/med.php?id=20297
Hepa-Merz,هيبا ميرز,ornithine aspartate,5 g/10 mL,injection,,Merz,hepatic,ammonia-lowering hepatoprotective,liver support / hepatic encephalopathy,no,no,medium,
Hepa-Merz,هيبا ميرز,ornithine aspartate,3 g,sachet,,Merz,hepatic,ammonia-lowering hepatoprotective,liver support,no,no,medium,
Hepamarin,هيبامارين,silymarin,140 mg,capsule,30 capsules,Unipharma,hepatic,hepatoprotective (milk thistle extract),liver support,no,no,high,https://dwaprices.com/med.php?id=6006
Heparin Sodium-Nile,هيبارين صوديوم نايل,heparin sodium,5000 IU/mL,injection,3 ampoules,Nile Co.,anticoagulant,unfractionated heparin anticoagulant,prevent blood clots,no,no,high,https://dwaprices.com/med.php?id=20350
Hepaticum,هيباتيكم,silymarin,140 mg,capsule,30 capsules,MUP,hepatic,hepatoprotective (milk thistle extract),liver support,no,no,high,https://dwaprices.com/med.php?id=6023
Hepaticum,هيباتيكم,silymarin,10 mg/mL,suspension,120 mL,MUP,hepatic,hepatoprotective (milk thistle extract),liver support,no,no,high,https://dwaprices.com/med.php?id=6021
Heterosofir,هيتيروسوفير,sofosbuvir,400 mg,film-coated tablet,,Hetero,antiviral,NS5B polymerase inhibitor,hepatitis C,no,no,medium,
Hexitol,هيكسيتول,chlorhexidine,0.2%,mouthwash,200 mL,,oral-dental,antiseptic,mouth and gum antisepsis,no,no,medium,
Hi-Glitazone,هاي جليتازون,pioglitazone,15 mg,tablet,30 tablets,,antidiabetic,thiazolidinedione,improves insulin sensitivity (diabetes),no,no,high,https://dwaprices.com/med.php?id=6147
Hi-Glitazone,هاي جليتازون,pioglitazone,30 mg,tablet,30 tablets,,antidiabetic,thiazolidinedione,improves insulin sensitivity (diabetes),no,no,high,https://dwaprices.com/med.php?id=6148
Hibiotic,هاي بيوتك,amoxicillin;clavulanic acid,875/125 mg,film-coated tablet,16 tablets,Amoun,antibiotic,aminopenicillin + beta-lactamase inhibitor,bacterial infections,no,no,high,https://dwaprices.com/med.php?id=6097
Hibiotic,هاي بيوتك,amoxicillin;clavulanic acid,250/62.5 mg/5 mL,powder for oral suspension,60 mL,Amoun,antibiotic,aminopenicillin + beta-lactamase inhibitor,bacterial infections,no,no,high,https://dwaprices.com/med.php?id=6095
Hibiotic,هاي بيوتك,amoxicillin;clavulanic acid,400/57 mg/5 mL,powder for oral suspension,60 mL,Amoun,antibiotic,aminopenicillin + beta-lactamase inhibitor,bacterial infections,no,no,medium,
Hiconcil,هيكونسيل,amoxicillin,500 mg,capsule,,,antibiotic,aminopenicillin,bacterial infections,no,no,medium,
Hiconcil,هيكونسيل,amoxicillin,250 mg/5 mL,powder for oral suspension,,,antibiotic,aminopenicillin,bacterial infections,no,no,medium,
Hidrasec,هيدراسيك,racecadotril,100 mg,capsule,10 capsules,Ferrer,gastric,enkephalinase inhibitor antidiarrheal,acute diarrhea (adults),no,no,high,https://dwaprices.com/med.php?id=20474
Hidrasec,هيدراسيك,racecadotril,10 mg,sachet,16 sachets,Ferrer,gastric,enkephalinase inhibitor antidiarrheal,acute diarrhea (infants),no,no,high,https://dwaprices.com/med.php?id=20476
Hidrasec,هيدراسيك,racecadotril,30 mg,sachet,16 sachets,Ferrer,gastric,enkephalinase inhibitor antidiarrheal,acute diarrhea (children),no,no,high,https://dwaprices.com/med.php?id=20475
Humalog Mix25 KwikPen,هيومالوج ميكس 25 كويك بن,insulin lispro;insulin lispro protamine,100 IU/mL,injection,5 pre-filled pens,Eli Lilly,antidiabetic,premixed insulin analogue,controls blood sugar (diabetes),yes,no,high,https://dwaprices.com/similars.php?id=20554
Humulin 70/30,هيومولين 70/30,insulin regular human;insulin isophane human,100 IU/mL,injection,5 cartridges,Eli Lilly,antidiabetic,premixed human insulin,controls blood sugar (diabetes),yes,no,high,https://dwaprices.com/similars.php?id=20567
Hyzaar,هيزار,losartan;hydrochlorothiazide,50/12.5 mg,film-coated tablet,,MSD,cardiac,angiotensin receptor blocker + thiazide diuretic,high blood pressure,no,no,medium,
Ibandrocare,ايباندروكير,ibandronate,150 mg,tablet,,,endocrine,bisphosphonate,treats osteoporosis (bone thinning),no,no,medium,
Idulair,ايدولير,montelukast,5 mg,chewable tablet,,,respiratory;allergy,leukotriene receptor antagonist,asthma and allergy prevention (children),no,no,medium,
Idulair,ايدولير,montelukast,10 mg,film-coated tablet,,,respiratory;allergy,leukotriene receptor antagonist,asthma and allergy prevention,no,no,medium,
Iksaront,اكسارونت,apixaban,2.5 mg,film-coated tablet,30 tablets,,anticoagulant,direct oral anticoagulant (factor xa inhibitor),prevent blood clots,no,no,high,https://dwaprices.com/similars.php?id=20719
Iksaront,اكسارونت,apixaban,5 mg,film-coated tablet,30 tablets,,anticoagulant,direct oral anticoagulant (factor xa inhibitor),prevent blood clots,no,no,high,https://dwaprices.com/similars.php?id=20719
Imigran,ايميجران,sumatriptan,50 mg,tablet,2 tablets,GSK,neurology,triptan,acute migraine,no,no,high,https://dwaprices.com/ause.php?id=30
Imodium,ايموديوم,loperamide,2 mg,orally disintegrating tablet,6 tablets,Johnson & Johnson,gastric,opioid-receptor antidiarrheal,diarrhea,no,no,high,https://dwaprices.com/med.php?id=6423
Imoflora,ايموفلورا,loperamide;simethicone,2/125 mg,tablet,10 tablets,,gastric,opioid-receptor antidiarrheal + antiflatulent,diarrhea with bloating,no,no,high,https://dwaprices.com/med.php?id=20752
Inderal,انديرال,propranolol,10 mg,tablet,50 tablets,AstraZeneca,cardiac,beta blocker,high blood pressure,no,no,high,https://dwaprices.com/med.php?id=20773
Inderal,انديرال,propranolol,40 mg,tablet,50 tablets,AstraZeneca,cardiac,beta blocker,high blood pressure,no,no,high,https://dwaprices.com/med.php?id=6445
Indocollyre,اندوكولير,indomethacin,0.1%,eye drops,5 mL,Bausch+Lomb,ophthalmic;anti-inflammatory,NSAID,eye inflammation after surgery,no,no,medium,
Injectafer,انجكتافير,ferric carboxymaltose,500 mg/10 mL,injection,1 vial,,hematology,iron replacement (IV),iron deficiency anemia (IV),no,no,high,https://dwaprices.com/ause.php?id=34
Inletair,انليتير,montelukast,4 mg,chewable tablet,,,respiratory;allergy,leukotriene receptor antagonist,asthma and allergy prevention (young children),no,no,medium,
Inletair,انليتير,montelukast,10 mg,film-coated tablet,,,respiratory;allergy,leukotriene receptor antagonist,asthma and allergy prevention,no,no,medium,
Insulatard HM,انسولاتارد اتش ام,insulin isophane human,100 IU/mL,injection,,Novo Nordisk,antidiabetic,intermediate-acting human insulin,controls blood sugar (diabetes),yes,no,medium,
InsulinAgypt 70/30,انسولين اجيبت 70/30,insulin regular human;insulin isophane human,100 IU/mL,injection,5 cartridges,MUP,antidiabetic,premixed human insulin,controls blood sugar (diabetes),yes,no,high,https://dwaprices.com/med.php?id=6502
InsulinAgypt 70/30,انسولين اجيبت 70/30,insulin regular human;insulin isophane human,100 IU/mL,injection,10 mL vial,MUP,antidiabetic,premixed human insulin,controls blood sugar (diabetes),yes,no,high,https://dwaprices.com/med.php?id=20866
Iopidine,يوبيدين,apraclonidine,1%,eye drops,5 mL,Alcon,ophthalmic,alpha-2 agonist,glaucoma eye pressure,no,no,medium,
Isoptin,ايسوبتن,verapamil,80 mg,film-coated tablet,30 tablets,Abbott,cardiac,calcium channel blocker,high blood pressure,no,no,high,https://dwaprices.com/med.php?id=6625
Isoptin Retard,ايسوبتن ريتارد,verapamil,240 mg,extended-release tablet,30 tablets,Abbott,cardiac,calcium channel blocker,high blood pressure,no,no,high,https://dwaprices.com/med.php?id=6627
Isorbid,ايزوربيد,isosorbide dinitrate,5 mg,sublingual tablet,100 tablets,T3A Pharma,cardiac,nitrate vasodilator,chest pain (angina),no,no,high,https://dwaprices.com/med.php?id=21031
Isotretam,إيزوتريتام,isotretinoin,20 mg,capsule,10 capsules,,dermatology,retinoid,severe acne treatment,no,no,medium,
Itoferrose,ايتوفيروز,iron sucrose,100 mg/5 mL,injection,5 ampoules,,hematology,iron replacement (IV),iron deficiency anemia (IV),no,no,high,https://dwaprices.com/ause.php?id=34
Itomash,ايتوماش,itopride,50 mg,tablet,30 tablets,,gastric,prokinetic (dopamine antagonist),bloating and indigestion,no,no,high,https://dwaprices.com/med.php?id=6661
Iverzine,ايفرزين,ivermectin,3 mg,tablet,4 tablets,,antiparasitic,anthelmintic,scabies and strongyloidiasis,no,no,medium,
Jadenu,جادينو,deferasirox,360 mg,film-coated tablet,30 tablets,Novartis,hematology,iron chelating agent,iron overload in thalassemia,no,no,high,https://dwaprices.com/ause.php?id=34
Janaglip,جاناجليب,sitagliptin,50 mg,film-coated tablet,28 tablets,,antidiabetic,DPP-4 inhibitor,lowers blood sugar (diabetes),no,no,high,https://dwaprices.com/med.php?id=21131
Janumet,جانوميت,sitagliptin;metformin,50/1000 mg,film-coated tablet,56 tablets,MSD,antidiabetic,DPP-4 inhibitor + biguanide,lowers blood sugar (diabetes),no,no,high,https://dwaprices.com/med.php?id=6703
Janumet,جانوميت,sitagliptin;metformin,50/500 mg,film-coated tablet,56 tablets,MSD,antidiabetic,DPP-4 inhibitor + biguanide,lowers blood sugar (diabetes),no,no,high,https://dwaprices.com/med.php?id=21138
Janumet,جانوميت,sitagliptin;metformin,50/850 mg,film-coated tablet,56 tablets,MSD,antidiabetic,DPP-4 inhibitor + biguanide,lowers blood sugar (diabetes),no,no,high,https://dwaprices.com/med.php?id=6702
Januvia,جانوفيا,sitagliptin,100 mg,film-coated tablet,28 tablets,MSD,antidiabetic,DPP-4 inhibitor,lowers blood sugar (diabetes),no,no,high,https://dwaprices.com/med.php?id=6706
Januvia,جانوفيا,sitagliptin,50 mg,film-coated tablet,28 tablets,MSD,antidiabetic,DPP-4 inhibitor,lowers blood sugar (diabetes),no,no,high,https://dwaprices.com/med.php?id=21141
Jardiance,جارديانس,empagliflozin,10 mg,film-coated tablet,30 tablets,Boehringer Ingelheim,antidiabetic,SGLT2 inhibitor,lowers blood sugar (diabetes),no,no,high,https://dwaprices.com/med.php?id=21143
Jardiance,جارديانس,empagliflozin,25 mg,film-coated tablet,30 tablets,Boehringer Ingelheim,antidiabetic,SGLT2 inhibitor,lowers blood sugar (diabetes),no,no,high,https://dwaprices.com/med.php?id=21144
Kapron,كابرون,tranexamic acid,500 mg/5 mL,injection,5 ampoules,,hematology,antifibrinolytic (hemostatic),reduce heavy bleeding,no,no,medium,
Kapron,كابرون,tranexamic acid,500 mg,tablet,20 tablets,,hematology,antifibrinolytic (hemostatic),reduce heavy bleeding,no,no,medium,
Karbalta,كاربالتا,duloxetine,30 mg,extended-release capsule,28 capsules,,psychiatric,snri antidepressant,depression and nerve pain,no,no,high,https://dwaprices.com/ause.php?id=50
Kast,كاست,montelukast,5 mg,chewable tablet,,,respiratory;allergy,leukotriene receptor antagonist,asthma and allergy prevention (children),no,no,medium,
Kast,كاست,montelukast,10 mg,film-coated tablet,,,respiratory;allergy,leukotriene receptor antagonist,asthma and allergy prevention,no,no,medium,
Kemicetine,كيميستين,chloramphenicol,0.5%,eye drops,10 mL,,ophthalmic;antibiotic,broad-spectrum antibiotic,bacterial eye infection,no,no,medium,
Kemprost,كيمبروست,tamsulosin,0.4 mg,capsule,20 capsules,,urology,alpha-1 blocker,enlarged prostate,no,no,high,https://dwaprices.com/med.php?id=11162
Kenacomb,كيناكومب,triamcinolone;neomycin;gramicidin;nystatin,0.1%/0.25%/0.025%/100000 U/g,cream,15 g,,dermatology;corticosteroid;antifungal,corticosteroid + antibiotic + antifungal,infected fungal skin inflammation,no,no,medium,
Kenacomb,كيناكومب,triamcinolone;neomycin;gramicidin;nystatin,0.1%/0.25%/0.025%/100000 U/g,ointment,15 g,,dermatology;corticosteroid;antifungal,corticosteroid + antibiotic + antifungal,infected fungal skin inflammation,no,no,medium,
Keppra,كيبرا,levetiracetam,1000 mg,film-coated tablet,30 tablets,UCB,neurology,antiepileptic,epilepsy,no,no,medium,
Keppra,كيبرا,levetiracetam,500 mg,film-coated tablet,30 tablets,UCB,neurology,antiepileptic,epilepsy,no,no,high,https://dwaprices.com/ause.php?id=42
Kerella,كيريلا,betamethasone,0.1%,lotion,30 mL,,dermatology;corticosteroid,topical corticosteroid,scalp eczema and dermatitis,no,no,medium,
Kerella,كيريلا,betamethasone,0.1%,ointment,15 g,,dermatology;corticosteroid,topical corticosteroid,eczema and skin inflammation,no,no,medium,
Ketofan,كيتوفان,ketoprofen,50 mg,capsule,20 capsules,,analgesic;anti-inflammatory,nonsteroidal anti-inflammatory drug (nsaid),pain and inflammation relief,no,no,high,http://egyptiandrugstore.com/index.php?route=product/product&product_id=2541
Ketofan,كيتوفان,ketoprofen,100 mg,extended-release capsule,30 capsules,,analgesic;anti-inflammatory,nonsteroidal anti-inflammatory drug (nsaid),pain and inflammation relief,no,no,high,https://egyptiandrugstore.com/index.php?product_id=2504&route=product%2Fproduct
Ketofan,كيتوفان,ketoprofen,100 mg/2 mL,injection,3 ampoules,,analgesic;anti-inflammatory,nonsteroidal anti-inflammatory drug (nsaid),pain and inflammation relief,no,no,high,http://egyptiandrugstore.com/index.php?route=product/product&product_id=2128
Ketofan,كيتوفان,ketoprofen,150 mg,tablet,30 tablets,,analgesic;anti-inflammatory,nonsteroidal anti-inflammatory drug (nsaid),pain and inflammation relief,no,no,high,http://egyptiandrugstore.com/index.php?route=product%2Fproduct&product_id=5250
Ketofan,كيتوفان,ketoprofen,25 mg,tablet,30 tablets,,analgesic;anti-inflammatory,nonsteroidal anti-inflammatory drug (nsaid),pain and inflammation relief,no,no,high,https://egyptiandrugstore.com/index.php?product_id=2087&route=product%2Fproduct
Klacid,كلاسيد,clarithromycin,250 mg,film-coated tablet,,Abbott,antibiotic,macrolide,bacterial infections,no,no,medium,
Klacid,كلاسيد,clarithromycin,500 mg,film-coated tablet,,Abbott,antibiotic,macrolide,bacterial infections,no,no,medium,
Klozepam,كلوزيبام,clonazepam,0.5 mg,tablet,20 tablets,,psychiatric,benzodiazepine anticonvulsant,anxiety and seizures,no,yes,high,https://dwaprices.com/med.php?id=21459
Klozepam,كلوزيبام,clonazepam,2 mg,tablet,20 tablets,,psychiatric,benzodiazepine anticonvulsant,anxiety and seizures,no,yes,high,https://dwaprices.com/med.php?id=21460
Kokast,كوكاست,montelukast,4 mg,chewable tablet,,,respiratory;allergy,leukotriene receptor antagonist,asthma and allergy prevention (young children),no,no,medium,
Kokast,كوكاست,montelukast,10 mg,film-coated tablet,,,respiratory;allergy,leukotriene receptor antagonist,asthma and allergy prevention,no,no,medium,
Kombiglyze XR,كومبيجليز اكس ار,saxagliptin;metformin,5/1000 mg,extended-release tablet,30 tablets,AstraZeneca,antidiabetic,DPP-4 inhibitor + biguanide,lowers blood sugar (diabetes),no,no,high,https://dwaprices.com/med.php?id=21478
Konakion,كوناكيون,phytomenadione,10 mg,tablet,100 tablets,Roche,hepatic,vitamin K1 replacement,correct bleeding risk from liver disease,no,no,high,https://dwaprices.com/med.php?id=6989
Konakion MM,كوناكيون ام ام,phytomenadione,10 mg/mL,injection,5 ampoules,Roche,hepatic,vitamin K1 replacement,correct bleeding risk from liver disease,no,no,high,https://dwaprices.com/med.php?id=21479
Konakion MM,كوناكيون ام ام,phytomenadione,2 mg/0.2 mL,injection,5 ampoules,Roche,hepatic,vitamin K1 replacement,correct bleeding risk from liver disease (children),no,no,high,https://dwaprices.com/med.php?id=21480
Lamictal,لاميكتال,lamotrigine,100 mg,tablet,30 tablets,GSK,neurology,antiepileptic,epilepsy and bipolar disorder,no,no,high,https://dwaprices.com/med.php?id=21560
Lamictal,لاميكتال,lamotrigine,25 mg,tablet,30 tablets,GSK,neurology,antiepileptic,epilepsy and bipolar disorder,no,no,high,https://dwaprices.com/med.php?id=7074
Lamictal,لاميكتال,lamotrigine,50 mg,tablet,30 tablets,GSK,neurology,antiepileptic,epilepsy and bipolar disorder,no,no,high,https://dwaprices.com/med.php?id=7075
Lamifen,لاميفين,terbinafine,1%,cream,15 g,,dermatology;antifungal,allylamine antifungal,fungal skin infection,no,no,high,https://tdawi.com/en_eg/catalogsearch/result/?q=terbinafine
Lamisil,لاميزيل,terbinafine,1%,cream,15 g,Novartis,dermatology;antifungal,allylamine antifungal,athlete's foot and fungal skin infection,no,no,high,https://tdawi.com/en_eg/lamisil-1-cream-15-gm
Lamisil,لاميزيل,terbinafine,250 mg,tablet,,Novartis,antifungal,allylamine antifungal,fungal nail and skin infections,no,no,medium,
Lanoxin,لانوكسين,digoxin,0.25 mg,tablet,100 tablets,GlaxoSmithKline,cardiac,cardiac glycoside,"heart failure, irregular heartbeat",no,no,high,https://dwaprices.com/med.php?id=7094
Lansopro,لانزوبرو,lansoprazole,30 mg,orally disintegrating tablet,21 tablets,,gastric,proton pump inhibitor,reduce stomach acid,no,no,medium,
Lantus,لانتوس,insulin glargine,100 IU/mL,injection,5 cartridges,Sanofi,antidiabetic,long-acting insulin analogue,controls blood sugar (diabetes),yes,no,high,https://dwaprices.com/med.php?id=7099
Lantus SoloStar,لانتوس سولوستار,insulin glargine,100 IU/mL,injection,5 pre-filled pens,Sanofi,antidiabetic,long-acting insulin analogue,controls blood sugar (diabetes),yes,no,high,https://dwaprices.com/med.php?id=7101
Lanzor,لانزور,lansoprazole,30 mg,capsule,10 capsules,Sanofi,gastric,proton pump inhibitor,reduce stomach acid,no,no,high,https://dwaprices.com/med.php?id=21609
Lasix,لاسيكس,furosemide,20 mg/2 mL,injection,3 ampoules,Sanofi,cardiac,loop diuretic,fluid retention,no,no,high,https://dwaprices.com/med.php?id=7132
Lasix,لاسيكس,furosemide,40 mg,tablet,24 tablets,Sanofi,cardiac,loop diuretic,fluid retention,no,no,high,https://dwaprices.com/med.php?id=7134
Ledisbuvir,ليديسبوفير,ledipasvir;sofosbuvir,90/400 mg,tablet,28 tablets,,hepatic;antiviral,NS5A/NS5B inhibitor combination (antiviral),hepatitis C treatment,no,no,high,https://dwaprices.com/med.php?id=21673
Legalon,ليجالون,silymarin,70 mg,capsule,,,hepatic,hepatoprotective (milk thistle extract),liver support,no,no,medium,
Legalon Fort,ليجالون فورت,silymarin,140 mg,capsule,,,hepatic,hepatoprotective (milk thistle extract),liver support,no,no,medium,
Lelipel,ليليبل,montelukast,4 mg,chewable tablet,,,respiratory;allergy,leukotriene receptor antagonist,asthma and allergy prevention (young children),no,no,medium,
Lelipel,ليليبل,montelukast,5 mg,chewable tablet,,,respiratory;allergy,leukotriene receptor antagonist,asthma and allergy prevention (children),no,no,medium,
Lelipel,ليليبل,montelukast,10 mg,film-coated tablet,,,respiratory;allergy,leukotriene receptor antagonist,asthma and allergy prevention,no,no,medium,
Leponex,ليبونكس,clozapine,100 mg,tablet,50 tablets,Novartis,psychiatric,atypical antipsychotic,treatment-resistant schizophrenia,no,no,high,https://dwaprices.com/med.php?id=21703
Leponex,ليبونكس,clozapine,25 mg,tablet,50 tablets,Novartis,psychiatric,atypical antipsychotic,treatment-resistant schizophrenia,no,no,high,https://dwaprices.com/med.php?id=7201
Levemir,ليفيمير,insulin detemir,100 IU/mL,injection,,Novo Nordisk,antidiabetic,long-acting insulin analogue,controls blood sugar (diabetes),yes,no,medium,
Levohistam,ليفوهيستام,levocetirizine,5 mg/mL,oral drops,20 mL,Utopia Pharmaceuticals,allergy,antihistamine,allergy symptom relief (children),no,no,high,https://dwaprices.com/med.php?id=21769
Lexotanil,ليكسوتانيل,bromazepam,3 mg,tablet,,Roche,psychiatric,benzodiazepine anxiolytic,anxiety,no,yes,medium,
Librax,ليبراكس,chlordiazepoxide;clidinium bromide,5/2.5 mg,tablet,30 tablets,EIPICO,gastric,anticholinergic + benzodiazepine,gut cramps with anxiety,no,yes,high,https://dwaprices.com/med.php?id=7288
Linatraje,ليناتراج,linagliptin,5 mg,film-coated tablet,21 tablets,,antidiabetic,DPP-4 inhibitor,lowers blood sugar (diabetes),no,no,high,https://dwaprices.com/med.php?id=24136
Lipanthyl,ليبانتيل,fenofibrate,300 mg,capsule,30 capsules,Recordati,lipid,fibrate,lower triglycerides,no,no,high,https://dwaprices.com/med.php?id=7338
Lipanthyl,ليبانتيل,fenofibrate,145 mg,film-coated tablet,20 tablets,Recordati,lipid,fibrate,lower triglycerides,no,no,high,https://dwaprices.com/med.php?id=30829
Lipanthyl Supra,ليبانتيل سوبرا,fenofibrate,160 mg,tablet,30 tablets,Recordati,lipid,fibrate,lower triglycerides,no,no,high,https://dwaprices.com/med.php?id=7341
Lipiless,ليبيلس,atorvastatin,10 mg,film-coated tablet,30 tablets,,lipid,statin (hmg-coa reductase inhibitor),lower cholesterol,no,no,high,https://dwaprices.com/med.php?id=7352
Lipitor,ليبيتور,atorvastatin,10 mg,film-coated tablet,28 tablets,Pfizer,lipid,statin (hmg-coa reductase inhibitor),lower cholesterol,no,no,high,https://dwaprices.com/aorder.php?id=21887
Lipitor,ليبيتور,atorvastatin,20 mg,film-coated tablet,28 tablets,Pfizer,lipid,statin (hmg-coa reductase inhibitor),lower cholesterol,no,no,high,https://dwaprices.com/med.php?id=21889
Lipitor,ليبيتور,atorvastatin,40 mg,film-coated tablet,14 tablets,Pfizer,lipid,statin (hmg-coa reductase inhibitor),lower cholesterol,no,no,high,https://dwaprices.com/med.php?id=21891
Lipitor,ليبيتور,atorvastatin,80 mg,film-coated tablet,14 tablets,Pfizer,lipid,statin (hmg-coa reductase inhibitor),lower cholesterol,no,no,high,https://dwaprices.com/med.php?id=21893
Liposom-B12,ليبوسوم ب12,cyanocobalamin,1000 mcg,sublingual tablet,20 tablets,,hematology,vitamin b12 supplement,b12 deficiency,no,no,high,https://dwaprices.com/ause.php?id=31
Lolawest,لولاويست,ornithine aspartate,5 g/10 mL,injection,5 ampoules,,hepatic,ammonia-lowering hepatoprotective,liver support / hepatic encephalopathy,no,no,high,https://dwaprices.com/med.php?id=7495
Lopodium,لوبوديوم,loperamide,2 mg,capsule,10 capsules,,gastric,opioid-receptor antidiarrheal,diarrhea,no,no,high,https://dwaprices.com/med.php?id=22019
Losiprost,لوزيبروست,tamsulosin,0.4 mg,capsule,30 capsules,,urology,alpha-1 blocker,enlarged prostate,no,no,high,https://dwaprices.com/med.php?id=11162
Lovir,لوفير,acyclovir,400 mg,orally disintegrating tablet,10 tablets,,antiviral,nucleoside analogue,herpes virus infections,no,no,high,https://dwaprices.com/ause.php?id=12
Lovir,لوفير,acyclovir,800 mg,orally disintegrating tablet,35 tablets,,antiviral,nucleoside analogue,herpes virus infections,no,no,high,https://dwaprices.com/ause.php?id=12
Lumigan,لوميجان,bimatoprost,0.03%,eye drops,3 mL,Allergan,ophthalmic,prostaglandin analogue,glaucoma eye pressure,no,no,medium,
Lustral,لوستال,sertraline,50 mg,film-coated tablet,20 tablets,Pfizer,psychiatric,ssri antidepressant,depression and anxiety,no,no,high,https://dwaprices.com/ause.php?id=50
Lyrica,ليريكا,pregabalin,150 mg,capsule,20 capsules,Pfizer,neurology,antiepileptic / nerve pain agent,nerve pain and epilepsy,no,yes,high,https://dwaprices.com/ause.php?id=42
Lyrica,ليريكا,pregabalin,75 mg,capsule,20 capsules,Pfizer,neurology,antiepileptic / nerve pain agent,nerve pain and epilepsy,no,yes,high,https://dwaprices.com/ause.php?id=42
Maalox,مالوكس,aluminum hydroxide;magnesium hydroxide,225/200 mg/5 mL,suspension,,Sanofi,gastric,antacid,heartburn and indigestion,no,no,medium,
Macrofuran,ماكروفيوران,nitrofurantoin,100 mg,capsule,,,antibiotic,urinary antiseptic,urinary tract infections,no,no,medium,
Macrofuran,ماكروفيوران,nitrofurantoin,50 mg,capsule,,,antibiotic,urinary antiseptic,urinary tract infections,no,no,medium,
Magitamsulosin,ماجيتامسولوسين,tamsulosin,0.4 mg,extended-release capsule,30 capsules,,urology,alpha-1 blocker,enlarged prostate,no,no,high,https://dwaprices.com/med.php?id=11162
Marevan,ماريفان,warfarin,1 mg,tablet,102 tablets,GlaxoSmithKline,anticoagulant,vitamin k antagonist,prevent blood clots,no,no,high,https://dwaprices.com/med.php?id=7733
Marevan,ماريفان,warfarin,3 mg,tablet,102 tablets,GlaxoSmithKline,anticoagulant,vitamin k antagonist,prevent blood clots,no,no,high,https://dwaprices.com/med.php?id=22288
Marevan,ماريفان,warfarin,5 mg,tablet,102 tablets,GlaxoSmithKline,anticoagulant,vitamin k antagonist,prevent blood clots,no,no,high,https://dwaprices.com/med.php?id=7735
Marpalene,ماربالين,adapalene,0.1%,cream,30 g,,dermatology,retinoid,acne treatment,no,no,medium,
Maxitrol,ماكسيترول,dexamethasone;neomycin;polymyxin b,0.1%/0.35%/6000 IU/mL,eye drops,5 mL,Alcon,ophthalmic;corticosteroid;antibiotic,antibiotic + corticosteroid combination,eye inflammation with infection,no,no,medium,
Maxitrol,ماكسيترول,dexamethasone;neomycin;polymyxin b,0.1%/0.35%/6000 IU/g,eye ointment,3.5 g,Alcon,ophthalmic;corticosteroid;antibiotic,antibiotic + corticosteroid combination,eye inflammation with infection,no,no,medium,
MEBO,ميبو,beta-sitosterol,0.25%,ointment,30 g,,dermatology,herbal wound healing ointment,burns and wound healing,no,no,high,https://tdawi.com/en_eg/catalogsearch/result/?q=mebo
Medrol,ميدرول,methylprednisolone,16 mg,tablet,,Pfizer,corticosteroid,corticosteroid (glucocorticoid),reduces inflammation and allergy,no,no,medium,
Medrol,ميدرول,methylprednisolone,4 mg,tablet,,Pfizer,corticosteroid,corticosteroid (glucocorticoid),reduces inflammation and allergy,no,no,medium,
Megamox,ميجاموكس,amoxicillin;clavulanic acid,500/125 mg,film-coated tablet,14 tablets,Al Jazeera Pharmaceutical,antibiotic,aminopenicillin + beta-lactamase inhibitor,bacterial infections,no,no,high,https://dwaprices.com/ause.php?id=26
Megamox,ميجاموكس,amoxicillin;clavulanic acid,875/125 mg,film-coated tablet,14 tablets,Al Jazeera Pharmaceutical,antibiotic,aminopenicillin + beta-lactamase inhibitor,bacterial infections,no,no,high,https://dwaprices.com/ause.php?id=26
Meloquin,ميلوكوين,hydroquinone,4%,cream,20 g,,dermatology,skin bleaching agent,hyperpigmentation and melasma,no,no,high,https://gardeniapharmacies.com/en/product/meloquin-cream/?lang=en
Meronem,ميرونيم,meropenem,1 g,injection,1 vial,,antibiotic,carbapenem,severe bacterial infections,no,no,medium,
Metacardia,ميتاكارديا,trimetazidine,20 mg,film-coated tablet,30 tablets,,cardiac,anti-ischemic metabolic agent,chest pain (angina),no,no,high,https://dwaprices.com/med.php?id=22622
Metformin El-Nasr,ميتفورمين النصر,metformin,500 mg,film-coated tablet,200 tablets,El Nasr Pharmaceutical,antidiabetic,biguanide,controls blood sugar (diabetes),no,no,high,https://dwaprices.com/med.php?id=22635
Metformin-Eva XR,ميتفورمين ايفا اكس ار,metformin,1000 mg,extended-release tablet,30 tablets,Eva Pharma,antidiabetic,biguanide,controls blood sugar (diabetes),no,no,high,https://dwaprices.com/med.php?id=13130
Metformin-Eva XR,ميتفورمين ايفا اكس ار,metformin,500 mg,extended-release tablet,30 tablets,Eva Pharma,antidiabetic,biguanide,controls blood sugar (diabetes),no,no,high,https://dwaprices.com/med.php?id=8082
Methotrexate,ميثوتريكسات,methotrexate,2.5 mg,tablet,100 tablets,Technomed,anti-inflammatory;musculoskeletal,antimetabolite dmard,rheumatoid arthritis treatment,no,no,high,http://egyptiandrugstore.com/index.php?route=product%2Fproduct&product_id=1900
Methyltechno,ميثيل تكنو,methylcobalamin,1000 mcg,orally disintegrating tablet,30 films,Nerhado International,vitamins-supplements;hematology,vitamin b12 supplement,nerve pain and b12 deficiency,no,no,high,https://tarkeba.com/%D9%85%D9%8A%D8%AB%D8%A7%D9%8A%D9%84%D8%AA%D9%83%D9%86%D9%88-methyltechno/
Micardis,ميكارديس,telmisartan,40 mg,tablet,28 tablets,Boehringer Ingelheim,cardiac,angiotensin receptor blocker,high blood pressure,no,no,high,https://dwaprices.com/med.php?id=22693
Micardis Plus,ميكارديس بلس,telmisartan;hydrochlorothiazide,40/12.5 mg,tablet,28 tablets,Boehringer Ingelheim,cardiac,angiotensin receptor blocker + thiazide diuretic,high blood pressure,no,no,high,https://dwaprices.com/med.php?id=22695
Micardis Plus,ميكارديس بلس,telmisartan;hydrochlorothiazide,80/12.5 mg,tablet,28 tablets,Boehringer Ingelheim,cardiac,angiotensin receptor blocker + thiazide diuretic,high blood pressure,no,no,high,https://dwaprices.com/med.php?id=22696
Miconaz,ميكوناز,miconazole,2%,cream,20 g,,dermatology;antifungal,imidazole antifungal,fungal skin infection,no,no,high,https://tdawi.com/en_eg/catalogsearch/result/?q=miconazole
Microgynon,ميكروجينون,levonorgestrel;ethinylestradiol,0.15/0.03 mg,tablet,21 tablets,Bayer,womens-health,combined oral contraceptive,birth control,no,no,medium,
Mifoxin,ميفوكسين,ciprofloxacin,500 mg,film-coated tablet,,,antibiotic,fluoroquinolone,bacterial infections,no,no,medium,
Minirin,مينيرين,desmopressin,10 mcg/dose,nasal spray,,Ferring,endocrine,vasopressin analogue,"reduces urination, diabetes insipidus",no,no,high,https://dwaprices.com/med.php?id=22787
Minirin,مينيرين,desmopressin,0.1 mg,tablet,30 tablets,Ferring,endocrine,vasopressin analogue,"reduces urination, diabetes insipidus",no,no,high,https://dwaprices.com/med.php?id=8201
Minirin,مينيرين,desmopressin,0.2 mg,tablet,30 tablets,Ferring,endocrine,vasopressin analogue,"reduces urination, diabetes insipidus",no,no,high,https://dwaprices.com/med.php?id=8202
Minirin Melt,مينيرين ميلت,desmopressin,120 mcg,sublingual tablet,30 tablets,Ferring,endocrine,vasopressin analogue,"reduces urination, diabetes insipidus",no,no,high,https://dwaprices.com/med.php?id=22789
Minirin Melt,مينيرين ميلت,desmopressin,60 mcg,sublingual tablet,30 tablets,Ferring,endocrine,vasopressin analogue,"reduces urination, diabetes insipidus",no,no,high,https://dwaprices.com/med.php?id=22790
Mirtimash,ميرتيماش,mirtazapine,30 mg,tablet,30 tablets,,psychiatric,atypical antidepressant,depression,no,no,high,https://dwaprices.com/ause.php?id=50
Mixderm,ميكسديرم,betamethasone,0.1%,cream,30 g,,dermatology;corticosteroid,topical corticosteroid,eczema and skin inflammation,no,no,medium,
Mixtard 30 HM,ميكستارد 30 اتش ام,insulin regular human;insulin isophane human,100 IU/mL,injection,10 mL vial,Novo Nordisk,antidiabetic,premixed human insulin,controls blood sugar (diabetes),yes,no,high,https://dwaprices.com/similars.php?id=8249
Mobic,موبيك,meloxicam,15 mg,tablet,30 tablets,Boehringer Ingelheim,analgesic;anti-inflammatory,nonsteroidal anti-inflammatory drug (nsaid),arthritis pain and inflammation relief,no,no,high,https://tdawi.com/en_eg/mobic-15-mg-30-tablets
Mododom,مودودوم,domperidone,10 mg,film-coated tablet,,,gastric,dopamine antagonist / prokinetic,nausea and bloating,no,no,medium,
Momenta,مومينتا,mometasone;miconazole;gentamicin,0.1%/3%/0.1%,cream,30 g,Jamjoom,dermatology;corticosteroid;antifungal,corticosteroid + antifungal + antibiotic,infected fungal eczema,no,no,high,https://tdawi.com/en_eg/momenta-cream-30gm
Montekal,مونتيكال,montelukast,5 mg,chewable tablet,10 tablets,,respiratory;allergy,leukotriene receptor antagonist,asthma and allergy prevention (children),no,no,high,http://egyptiandrugstore.com/index.php?route=product/product&product_id=2548
Montekal,مونتيكال,montelukast,10 mg,film-coated tablet,,,respiratory;allergy,leukotriene receptor antagonist,asthma and allergy prevention,no,no,high,https://www.pharmatop1.com/montelukast-drug-list-in-egypt/
Montel,مونتيل,montelukast,10 mg,film-coated tablet,,,respiratory;allergy,leukotriene receptor antagonist,asthma and allergy prevention,no,no,medium,
Montelair,مونتيلير,montelukast,4 mg,chewable tablet,,,respiratory;allergy,leukotriene receptor antagonist,asthma and allergy prevention (young children),no,no,medium,
Montelair,مونتيلير,montelukast,5 mg,chewable tablet,,,respiratory;allergy,leukotriene receptor antagonist,asthma and allergy prevention (children),no,no,medium,
Monurol,مونيورول,fosfomycin,3 g,sachet,1 sachet,,antibiotic,phosphonic acid antibiotic,urinary tract infections,no,no,medium,
Motilat,موتيلات,domperidone,10 mg,tablet,,,gastric,dopamine antagonist / prokinetic,nausea and bloating,no,no,medium,
Motilium,موتيليوم,domperidone,10 mg,film-coated tablet,,,gastric,dopamine antagonist / prokinetic,nausea and bloating,no,no,medium,
Motinorm,موتينورم,domperidone,5 mg/5 mL,suspension,125 mL,,gastric,dopamine antagonist / prokinetic,nausea and bloating,no,no,high,https://dwaprices.com/similars.php?id=8354
Motinorm,موتينورم,domperidone,10 mg,tablet,30 tablets,,gastric,dopamine antagonist / prokinetic,nausea and bloating,no,no,high,https://dwaprices.com/med.php?id=23005
Movigit,موفيجيت,itopride,50 mg,film-coated tablet,30 tablets,,gastric,prokinetic (dopamine antagonist),bloating and indigestion,no,no,high,https://dwaprices.com/med.php?id=8368
Movigretal,موفيجريتال,cilostazol,100 mg,tablet,20 tablets,,cardiac,antiplatelet + vasodilator (pde3 inhibitor),leg pain from poor circulation,no,no,high,https://dwaprices.com/med.php?id=8370
MPI Viropack,فيروباك,sofosbuvir,400 mg,film-coated tablet,,Pharco,antiviral,NS5B polymerase inhibitor,hepatitis C,no,no,medium,
MPI Viropack Plus,مبيفيروباك بلس,ledipasvir;sofosbuvir,90/400 mg,tablet,28 tablets,MPI,hepatic;antiviral,NS5A/NS5B inhibitor combination (antiviral),hepatitis C treatment,no,no,high,https://dwaprices.com/med.php?id=23044
Mucogel,ميوكوجيل,aluminum hydroxide;magnesium hydroxide,195/220 mg/5 mL,suspension,,,gastric,antacid,heartburn and indigestion,no,no,medium,
Mucopect,موكوبكت,ambroxol,15 mg/5 mL,syrup,120 mL,,respiratory,mucolytic,loosen mucus and ease cough (children),no,no,high,https://egyptiandrugstore.com/index.php?product_id=3089&route=product/product
Mucophylline,ميوكوفيللين,bromhexine;acephylline,4/100 mg/5 mL,syrup,125 mL,Misr Co. for Pharmaceutical Industries,respiratory,mucolytic + bronchodilator combo,loosen mucus and ease breathing,no,no,high,https://dwaprices.com/med.php?id=23073
Mucosolvan,موكوسولفان,ambroxol,15 mg/5 mL,syrup,100 mL,Sanofi,respiratory,mucolytic,loosen mucus and ease cough (children),no,no,medium,
Mucosolvan,موكوسولفان,ambroxol,30 mg/5 mL,syrup,100 mL,Sanofi,respiratory,mucolytic,loosen mucus and ease cough,no,no,medium,
Mucosolvan,موكوسولفان,ambroxol,30 mg,tablet,20 tablets,Sanofi,respiratory,mucolytic,loosen mucus and ease cough,no,no,medium,
Mupirax,ميوبيراكس,mupirocin,2%,ointment,10 g,,dermatology;antibiotic,topical antibiotic,bacterial skin infection e.g. impetigo,no,no,high,https://tdawi.com/en_eg/catalogsearch/result/?q=mupirocin
Mydriacyl,ميدرياسيل,tropicamide,0.5%,eye drops,15 mL,Alcon,ophthalmic,mydriatic-cycloplegic,pupil dilation for eye exam,no,no,medium,
Mydriacyl,ميدرياسيل,tropicamide,1%,eye drops,15 mL,Alcon,ophthalmic,mydriatic-cycloplegic,pupil dilation for eye exam,no,no,medium,
Nanazoxid,نانازوكسيد,nitazoxanide,500 mg,film-coated tablet,6 tablets,Pharco,antiparasitic,thiazolide antiparasitic,intestinal parasitic and viral infections,no,no,medium,
Nanazoxid,نانازوكسيد,nitazoxanide,100 mg/5 mL,suspension,30 mL,Pharco,antiparasitic,thiazolide antiparasitic,intestinal parasitic and viral infections,no,no,medium,
Napizole,نابيزول,omeprazole,40 mg,capsule,14 capsules,,gastric,proton pump inhibitor,reduce stomach acid,no,no,high,https://dwaprices.com/med.php?id=15136
Naprosyn,نابروسين,naproxen,500 mg,tablet,,,analgesic;anti-inflammatory,nonsteroidal anti-inflammatory drug (nsaid),pain and inflammation relief,no,no,medium,
Nasonex,نازونكس,mometasone furoate,0.05%,nasal spray,140 doses,MSD,ent;allergy;corticosteroid,corticosteroid,nasal allergy congestion,no,no,medium,
Nebicard,نبيكارد,nebivolol,5 mg,film-coated tablet,14 tablets,,cardiac,beta blocker,high blood pressure,no,no,high,https://dwaprices.com/med.php?id=23337
Nebido,نبيدو,testosterone,1000 mg/4 mL,injection,1 vial,Bayer,endocrine,androgen (testosterone replacement),testosterone replacement therapy (men),no,no,high,https://dwaprices.com/med.php?id=23338
Nebilet,نيبيليت,nebivolol,5 mg,tablet,14 tablets,Berlin-Chemie/Menarini,cardiac,beta blocker,high blood pressure,no,no,high,https://dwaprices.com/med.php?id=8625
Nebilet Plus,نيبيليت بلس,nebivolol;hydrochlorothiazide,5/12.5 mg,film-coated tablet,14 tablets,Berlin-Chemie/Menarini,cardiac,beta blocker + thiazide diuretic,high blood pressure,no,no,high,https://dwaprices.com/med.php?id=23339
Neomercazole,نيوميركازول,carbimazole,5 mg,tablet,100 tablets,Cenexi,endocrine,antithyroid (thionamide),treats overactive thyroid,no,no,medium,
Netlook,نيتلوك,isotretinoin,20 mg,capsule,20 capsules,,dermatology,retinoid,severe acne treatment,no,no,medium,
Neuril,نيوريل,diazepam,10 mg/2 mL,injection,5 ampoules,,psychiatric,benzodiazepine anxiolytic,acute anxiety and seizures,no,yes,high,https://dwaprices.com/ause.php?id=42
Neurobion,نيوروبيون,thiamine;pyridoxine;cyanocobalamin,100/200/0.2 mg,film-coated tablet,20 tablets,Merck,neurology,vitamin b complex,nerve support and neuropathy,no,no,medium,
Neurontin,نيورونتين,gabapentin,300 mg,capsule,20 capsules,Pfizer,neurology,antiepileptic / nerve pain agent,epilepsy and nerve pain,no,no,high,https://dwaprices.com/ause.php?id=42
Neurovit,نيوروفيت,thiamine;pyridoxine;cyanocobalamin,100/200/0.2 mg,tablet,30 tablets,,neurology,vitamin b complex,nerve support and neuropathy,no,no,medium,
Nevanac,نيفاناك,nepafenac,0.1%,eye drops,3 mL,Alcon,ophthalmic;anti-inflammatory,NSAID,eye inflammation after surgery,no,no,medium,
Nexium,نيكسيوم,esomeprazole,20 mg,film-coated tablet,28 tablets,AstraZeneca,gastric,proton pump inhibitor,reduce stomach acid,no,no,high,https://dwaprices.com/med.php?id=8810
Nexium,نيكسيوم,esomeprazole,40 mg,film-coated tablet,28 tablets,AstraZeneca,gastric,proton pump inhibitor,reduce stomach acid,no,no,high,https://dwaprices.com/med.php?id=8812
Nexium,نيكسيوم,esomeprazole,40 mg,injection,1 vial,AstraZeneca,gastric,proton pump inhibitor,reduce stomach acid,no,no,high,https://dwaprices.com/med.php?id=23550
Nexium,نيكسيوم,esomeprazole,10 mg,sachet,28 sachets,AstraZeneca,gastric,proton pump inhibitor,reduce stomach acid,no,no,high,https://dwaprices.com/med.php?id=23547
Nitrocare,نيتروكير,glyceryl trinitrate,2.5 mg,extended-release capsule,30 capsules,T3A Pharma,cardiac,nitrate vasodilator,chest pain (angina),no,no,high,https://dwaprices.com/med.php?id=23628
Nizoral,نيزورال,ketoconazole,2%,shampoo,60 mL,Janssen,dermatology;antifungal,imidazole antifungal,dandruff and scalp fungal infection,no,no,high,http://egyptiandrugstore.com/index.php?route=product%2Fproduct&product_id=650
Nootropil,نوتروبيل,piracetam,1200 mg,tablet,,UCB,neurology,nootropic,memory and cognitive support,no,no,medium,
Norgesic,نورجيزيك,paracetamol;orphenadrine,450/35 mg,tablet,20 tablets,,analgesic;musculoskeletal,muscle relaxant + analgesic combination,muscle pain and spasm relief,no,no,medium,
Normix,نورمكس,rifaximin,200 mg,tablet,,,hepatic;gastric,non-absorbable antibiotic (rifamycin),traveler's diarrhea,no,no,high,https://dwaprices.com/ause.php?id=2
Norvasc,نورفاسك,amlodipine,10 mg,tablet,15 tablets,Pfizer,cardiac,calcium channel blocker,high blood pressure,no,no,high,https://dwaprices.com/med.php?id=9016
Norvasc,نورفاسك,amlodipine,5 mg,tablet,30 tablets,Pfizer,cardiac,calcium channel blocker,high blood pressure,no,no,high,https://dwaprices.com/med.php?id=9017
Novalgin,نوفالجين,metamizole,500 mg,film-coated tablet,10 tablets,Sanofi,analgesic,non-opioid analgesic (pyrazolone),severe pain and high fever relief,no,no,high,http://egyptiandrugstore.com/index.php?route=product/product&product_id=2567
Novalgin,نوفالجين,metamizole,1 g/2 mL,injection,3 ampoules,Sanofi,analgesic,non-opioid analgesic (pyrazolone),severe pain and high fever relief,no,no,high,https://yaoota.com/en-eg/product/novalgin-1-g-2-ml-3-amp-xxx-price-from-seif-egypt
Novalgin,نوفالجين,metamizole,500 mg/3 mL,injection,3 ampoules,Sanofi,analgesic,non-opioid analgesic (pyrazolone),severe pain and high fever relief,no,no,high,https://yaoota.com/en-eg/product/novalgin-500mg3ml-3-ampoule-price-from-misr_online-egypt
Novapantolix,نوفابانتوليكس,pantoprazole,40 mg,film-coated tablet,14 tablets,,gastric,proton pump inhibitor,reduce stomach acid,no,no,high,https://dwaprices.com/med.php?id=9612
Novocobal,نوفوكوبال,mecobalamin,1 mg,sublingual tablet,30 tablets,,hematology,vitamin b12 supplement,nerve pain and b12 deficiency,no,no,high,https://dwaprices.com/ause.php?id=31
NovoMix 30,نوفوميكس 30,insulin aspart;insulin aspart protamine,100 IU/mL,injection,5 pre-filled pens,Novo Nordisk,antidiabetic,premixed insulin analogue,controls blood sugar (diabetes),yes,no,high,https://dwaprices.com/med.php?id=23803
NovoRapid FlexPen,نوفورابيد فليكسبن,insulin aspart,100 IU/mL,injection,5 pre-filled pens,Novo Nordisk,antidiabetic,rapid-acting insulin analogue,controls blood sugar (diabetes),yes,no,high,https://dwaprices.com/similars.php?id=23814
Nystaform,نيستافورم,nystatin;clioquinol;hydrocortisone,1%/3%/1%,ointment,,,dermatology;antifungal;corticosteroid,antifungal + antiseptic + corticosteroid,fungal skin infection with inflammation,no,no,high,https://gardeniapharmacies.com/en/?s=nystaform
Octozinc,اوكتوزنك,zinc sulfate,25 mg,capsule,20 capsules,,vitamins-supplements,zinc supplement,zinc deficiency and immune support,no,no,high,https://dwaprices.com/ause.php?id=46
Olapex,اولابكس,olanzapine,10 mg,film-coated tablet,30 tablets,,psychiatric,atypical antipsychotic,schizophrenia and bipolar disorder,no,no,high,https://dwaprices.com/ause.php?id=16
Olapex,اولابكس,olanzapine,5 mg,film-coated tablet,30 tablets,,psychiatric,atypical antipsychotic,schizophrenia and bipolar disorder,no,no,high,https://dwaprices.com/ause.php?id=16
Olfen,أولفين,diclofenac diethylamine,1%,gel,50 g,,anti-inflammatory;musculoskeletal,topical nsaid,topical pain and inflammation relief,no,no,high,https://dwaprices.com/med.php?id=9194
Olfen,أولفين,diclofenac sodium,75 mg/2 mL,injection,6 ampoules,,analgesic;anti-inflammatory,nonsteroidal anti-inflammatory drug (nsaid),pain and inflammation relief,no,no,high,https://www.vezeeta.com/en-eg/pharmacy/olfen-75-mg-2-ml-6-ampoule
Olohistine,اولوهيستين,olopatadine,0.1%,eye drops,5 mL,,ophthalmic;allergy,antihistamine,eye allergy itching,no,no,high,http://egyptiandrugstore.com/index.php?route=product/product&product_id=1978
Omega-3,أوميجا 3,omega-3 fatty acids,1000 mg,capsule,30 capsules,,vitamins-supplements,omega-3 fatty acid supplement,heart and general health support,no,no,medium,
Omepak,اوميباك,omeprazole,20 mg,capsule,14 capsules,,gastric,proton pump inhibitor,reduce stomach acid,no,no,high,https://dwaprices.com/med.php?id=9225
Omepak,اوميباك,omeprazole,40 mg,capsule,14 capsules,,gastric,proton pump inhibitor,reduce stomach acid,no,no,high,https://dwaprices.com/med.php?id=9225
Omepral,اوميبرال,omeprazole,20 mg,capsule,14 capsules,,gastric,proton pump inhibitor,reduce stomach acid,no,no,high,https://dwaprices.com/med.php?id=9225
Omez,اوميز,omeprazole,10 mg,capsule,14 capsules,,gastric,proton pump inhibitor,reduce stomach acid,no,no,high,https://dwaprices.com/med.php?id=24073
Omez,اوميز,omeprazole,20 mg,capsule,14 capsules,,gastric,proton pump inhibitor,reduce stomach acid,no,no,high,https://dwaprices.com/med.php?id=9225
Omisec,اوميسيك,omeprazole,20 mg,capsule,14 capsules,,gastric,proton pump inhibitor,reduce stomach acid,no,no,high,https://dwaprices.com/med.php?id=11347
Omnic,أومنيك,tamsulosin,0.4 mg,capsule,30 capsules,,urology,alpha-1 blocker,enlarged prostate,no,no,high,https://dwaprices.com/similars.php?id=11161
Omnic Ocas,أومنيك أوكاس,tamsulosin,0.4 mg,extended-release tablet,30 tablets,,urology,alpha-1 blocker,enlarged prostate,no,no,high,https://dwaprices.com/similars.php?id=11161
One Alpha,ون الفا,alfacalcidol,0.25 mcg,capsule,30 capsules,Leo,vitamins-supplements,vitamin d analogue,bone weakness and renal osteodystrophy,no,no,high,https://www.bloompharmacy.com/products/one-alpha-1-mcg-30-capsules
One Alpha,ون الفا,alfacalcidol,0.5 mcg,capsule,30 capsules,Leo,vitamins-supplements,vitamin d analogue,bone weakness and renal osteodystrophy,no,no,high,https://www.bloompharmacy.com/products/one-alpha-1-mcg-30-capsules
One Alpha,ون الفا,alfacalcidol,1 mcg,capsule,30 capsules,Leo,vitamins-supplements,vitamin d analogue,bone weakness and renal osteodystrophy,no,no,high,https://www.bloompharmacy.com/products/one-alpha-1-mcg-30-capsules
One Two Three,وان تو ثري,paracetamol;chlorpheniramine;pseudoephedrine,500/2/30 mg,film-coated tablet,20 tablets,,cold-flu,analgesic antihistamine decongestant combo,cold and flu symptom relief,no,no,high,https://yaoota.com/en-eg/product/one-two-three-cold-flu-20-tab-price-from-seif-egypt
Onglyza,اونجليزا,saxagliptin,5 mg,tablet,30 tablets,Bristol-Myers Squibb,antidiabetic,DPP-4 inhibitor,lowers blood sugar (diabetes),no,no,high,https://dwaprices.com/med.php?id=9267
Opatanol,اوباتانول,olopatadine,0.1%,eye drops,5 mL,Novartis,ophthalmic;allergy,antihistamine,eye allergy itching,no,no,medium,
Opticrom,اوبتيكروم,sodium cromoglicate,2%,eye drops,10 mL,Sanofi,ophthalmic;allergy,mast cell stabilizer,eye allergy itching,no,no,medium,
Optive,اوبتيف,carmellose;glycerin,0.5%/0.9%,eye drops,15 mL,Allergan,ophthalmic,lubricant,dry eyes,no,no,high,http://egyptiandrugstore.com/index.php?route=product/product&product_id=1965
Oratane,أوراتان,isotretinoin,10 mg,capsule,,,dermatology,retinoid,severe acne treatment,no,no,medium,
Oratane,أوراتان,isotretinoin,20 mg,capsule,,,dermatology,retinoid,severe acne treatment,no,no,medium,
Orelox,اوريلوكس,cefpodoxime,100 mg,film-coated tablet,10 tablets,,antibiotic,third-generation cephalosporin,bacterial infections,no,no,high,https://dwaprices.com/med.php?id=24243
Ornitate,اورنيتات,ornithine aspartate,5 g/10 mL,injection,5 ampoules,,hepatic,ammonia-lowering hepatoprotective,liver support / hepatic encephalopathy,no,no,high,https://dwaprices.com/med.php?id=24288
Ornitate,اورنيتات,ornithine aspartate,3 g,sachet,10 sachets,,hepatic,ammonia-lowering hepatoprotective,liver support,no,no,high,https://dwaprices.com/med.php?id=24287
Ossofortin,أوسوفورتين,ergocalciferol,10000 IU,tablet,30 tablets,,vitamins-supplements,vitamin d supplement,vitamin d deficiency and bone health,no,no,high,https://dwaprices.com/ause.php?id=36
Ossofortin,أوسوفورتين,cholecalciferol,5000 IU,tablet,30 tablets,,vitamins-supplements,vitamin d supplement,vitamin d deficiency and bone health,no,no,high,https://dwaprices.com/ause.php?id=36
Ossofortin,أوسوفورتين,ergocalciferol,50000 IU,tablet,30 tablets,,vitamins-supplements,vitamin d supplement,weekly vitamin d deficiency dose,no,no,high,https://dwaprices.com/ause.php?id=36
Osteocare,أوستيوكير,calcium;magnesium citrate;zinc;cholecalciferol,400 mg/150 mg/5 mg/2.5 mcg,tablet,30 tablets,Vitabiotics,vitamins-supplements,calcium + mineral supplement,bone health,no,no,high,https://www.bloompharmacy.com/products/osteocare-30-tablets
Otosporin,اوتوسبورين,polymyxin b;neomycin;hydrocortisone,10000 IU/mL/0.34%/1%,ear drops,8 mL,GSK,ent;antibiotic;corticosteroid,antibiotic + corticosteroid combination,ear infection and inflammation,no,no,medium,
Otrivin,اوتريفين,xylometazoline,0.05%,nasal drops,10 mL,,ent,nasal decongestant,nasal congestion in children,no,no,medium,
Otrivin,اوتريفين,xylometazoline,0.1%,nasal spray,10 mL,,ent,nasal decongestant,nasal congestion,no,no,medium,
Oxitropil,اوكسيتروبيل,piracetam,1200 mg,tablet,60 tablets,,neurology,nootropic,memory and cognitive support,no,no,high,https://dwaprices.com/ause.php?id=53
Oxybin,أوكسيبين,oxybutynin,5 mg,tablet,20 tablets,,urology,antimuscarinic,overactive bladder,no,no,high,https://dwaprices.com/med.php?id=24408
Ozempic,اوزمبك,semaglutide,0.25 mg,injection,,Novo Nordisk,antidiabetic,GLP-1 receptor agonist,"lowers blood sugar, weight loss",yes,no,high,https://dwaprices.com/med.php?id=271
Ozempic,اوزمبك,semaglutide,0.5 mg,injection,,Novo Nordisk,antidiabetic,GLP-1 receptor agonist,"lowers blood sugar, weight loss",yes,no,high,https://dwaprices.com/indications.php?id=13327
Ozempic,اوزمبك,semaglutide,1 mg,injection,,Novo Nordisk,antidiabetic,GLP-1 receptor agonist,"lowers blood sugar, weight loss",yes,no,high,https://dwaprices.com/med.php?id=13583
Panadol,بانادول,paracetamol,500 mg,tablet,24 tablets,GSK,analgesic,paracetamol analgesic,pain relief and fever reduction,no,no,medium,
Panadol Cold & Flu,بانادول كولد اند فلو,paracetamol;phenylephrine;caffeine,500/5/25 mg,film-coated tablet,24 tablets,GlaxoSmithKline,cold-flu,analgesic decongestant stimulant combo,cold and flu symptom relief,no,no,high,https://dwaprices.com/med.php?id=9564
Panadol Extra,بانادول اكسترا,paracetamol;caffeine,500/65 mg,tablet,24 tablets,GSK,analgesic,paracetamol analgesic + caffeine,stronger pain relief with caffeine,no,no,high,https://tdawi.com/en_eg/medicines/panadol-extra-24-tablets
Pantonap,بانتوناب,pantoprazole,40 mg,film-coated tablet,14 tablets,,gastric,proton pump inhibitor,reduce stomach acid,no,no,high,https://dwaprices.com/med.php?id=9612
Pantopi,بانتوبي,pantoprazole,20 mg,film-coated tablet,20 tablets,,gastric,proton pump inhibitor,reduce stomach acid,no,no,high,https://dwaprices.com/med.php?id=9610
Pantotrazolin,بانتوترازولين,pantoprazole,40 mg,film-coated tablet,14 tablets,,gastric,proton pump inhibitor,reduce stomach acid,no,no,high,https://dwaprices.com/med.php?id=9612
Paramol,بارامول,paracetamol,500 mg,tablet,20 tablets,,analgesic,paracetamol analgesic,pain relief and fever reduction,no,no,high,http://egyptiandrugstore.com/index.php?route=product%2Fproduct&product_id=5369
Parkinol,باركينول,trihexyphenidyl,2 mg,tablet,,,neurology,anticholinergic,drug-induced tremor and stiffness,no,yes,medium,
Parlodel,بارلوديل,bromocriptine,2.5 mg,tablet,20 tablets,,endocrine,dopamine agonist,lowers prolactin hormone levels,no,no,high,https://dwaprices.com/similars.php?id=24587
Pentasa,بنتاسا,mesalazine,500 mg,extended-release tablet,,Ferring,gastric,aminosalicylate (5-ASA),ulcerative colitis,no,no,medium,
Pepzol,بيبزول,omeprazole,20 mg,extended-release capsule,14 capsules,,gastric,proton pump inhibitor,reduce stomach acid,no,no,high,https://dwaprices.com/med.php?id=9764
Perfectil Original,بيرفكتيل اورجينال,vitamin a;vitamin c;vitamin e;zinc;biotin;selenium,,tablet,30 tablets,Vitabiotics,vitamins-supplements;dermatology,multivitamin for skin hair and nails,skin hair and nail health,no,no,high,https://dwaprices.com/ause.php?id=5
Peridon,بيريدون,domperidone,10 mg,tablet,,,gastric,dopamine antagonist / prokinetic,nausea and bloating,no,no,medium,
Perloc,بيرلوك,pantoprazole,40 mg,injection,1 vial,,gastric,proton pump inhibitor,reduce stomach acid,no,no,high,https://dwaprices.com/med.php?id=24769
Persantin,بيرسانتين,dipyridamole,75 mg,tablet,20 tablets,,cardiac,antiplatelet / vasodilator,prevent blood clots,no,no,high,https://dwaprices.com/product/persantin-75mg-20-tab
Pevisone,بيفيزون,econazole;triamcinolone,1%/0.1%,cream,15 g,Novartis,dermatology;corticosteroid;antifungal,corticosteroid + antifungal,fungal skin infection with inflammation,no,no,medium,
Pharmaton,فارماتون,ginseng extract;multivitamins;minerals,,capsule,30 capsules,Sanofi,vitamins-supplements,multivitamin + tonic,general fatigue and vitamin supplementation,no,no,medium,
Philozac,فيلوزاك,fluoxetine,20 mg,capsule,30 capsules,,psychiatric,ssri antidepressant,depression and anxiety,no,no,high,https://dwaprices.com/med.php?id=24887
Plaquenil,بلاكينيل,hydroxychloroquine,200 mg,tablet,60 tablets,Sanofi,anti-inflammatory;musculoskeletal,antimalarial dmard,rheumatoid arthritis and lupus treatment,no,no,high,https://tdawi.com/en_eg/plaquenil-200-mg-60-tablets
Plavictonal,بلافيكتونال,clopidogrel,75 mg,film-coated tablet,20 tablets,,cardiac,antiplatelet (p2y12 inhibitor),prevent blood clots,no,no,high,https://dwaprices.com/med.php?id=24997
Plavix,بلافيكس,clopidogrel,75 mg,film-coated tablet,28 tablets,Sanofi,cardiac,antiplatelet (p2y12 inhibitor),prevent blood clots,no,no,high,https://dwaprices.com/med.php?id=24998
Pletaal,بليتال,cilostazol,100 mg,tablet,20 tablets,Otsuka,cardiac,antiplatelet + vasodilator,leg pain from poor circulation,no,no,high,https://dwaprices.com/med.php?id=25010
Pletaal,بليتال,cilostazol,50 mg,tablet,20 tablets,Otsuka,cardiac,antiplatelet + vasodilator,leg pain from poor circulation,no,no,high,https://dwaprices.com/med.php?id=25011
Power Cold & Flu,باور كولد اند فلو,paracetamol;chlorpheniramine;pseudoephedrine;caffeine,500/3/30/30 mg,tablet,20 tablets,Chemipharm,cold-flu,analgesic antihistamine decongestant stimulant combo,cold and flu symptom relief,no,no,high,https://dwaprices.com/price.php?id=25109
Pradaxa,براداكسا,dabigatran,110 mg,capsule,30 capsules,Boehringer Ingelheim,anticoagulant,direct oral anticoagulant (direct thrombin inhibitor),prevent blood clots,no,no,high,https://dwaprices.com/med.php?id=25117
Pradaxa,براداكسا,dabigatran,150 mg,capsule,30 capsules,Boehringer Ingelheim,anticoagulant,direct oral anticoagulant (direct thrombin inhibitor),prevent blood clots,no,no,high,https://dwaprices.com/med.php?id=25118
Pradaxa,براداكسا,dabigatran,75 mg,capsule,30 capsules,Boehringer Ingelheim,anticoagulant,direct oral anticoagulant (direct thrombin inhibitor),prevent blood clots,no,no,high,https://dwaprices.com/med.php?id=25119
Pravotin,برافوتين,lactoferrin,100 mg,sachet,14 sachets,,hematology,lactoferrin supplement,supports iron absorption and immunity,no,no,high,https://dwaprices.com/ause.php?id=34
Prazolam,برازولام,alprazolam,0.25 mg,tablet,30 tablets,,psychiatric,benzodiazepine anxiolytic,anxiety,no,yes,high,https://dwaprices.com/med.php?id=25138
Prazolam,برازولام,alprazolam,0.5 mg,tablet,30 tablets,,psychiatric,benzodiazepine anxiolytic,anxiety,no,yes,high,https://dwaprices.com/med.php?id=25139
Pred Forte,بريد فورت,prednisolone acetate,1%,eye drops,5 mL,Allergan,ophthalmic;corticosteroid,corticosteroid,eye inflammation,no,no,medium,
Pregnacare,بريجناكير,folic acid;iron;cholecalciferol;vitamin c;vitamin b12;omega-3,,film-coated tablet,30 tablets,Vitabiotics,vitamins-supplements;womens-health,prenatal multivitamin,pregnancy vitamin supplementation,no,no,high,https://dwaprices.com/ause.php?id=5
Prianil C.R.,بريانيل سي.ار,lithium carbonate,400 mg,extended-release tablet,30 tablets,El Nile,psychiatric,mood stabilizer,bipolar disorder,no,no,high,https://dwaprices.com/med.php?id=25225
Primperan,بريمبران,metoclopramide,10 mg/2 mL,injection,12 ampoules,,gastric,dopamine antagonist / prokinetic-antiemetic,nausea and vomiting,no,no,high,https://dwaprices.com/med.php?id=25259
Primperan,بريمبران,metoclopramide,20 mg,suppository,6 suppositories,,gastric,dopamine antagonist / prokinetic-antiemetic,nausea and vomiting,no,no,high,https://dwaprices.com/composition.php?id=25261
Primperan,بريمبران,metoclopramide,10 mg,tablet,10 tablets,,gastric,dopamine antagonist / prokinetic-antiemetic,nausea and vomiting,no,no,high,https://dwaprices.com/med.php?id=25257
Profenid,بروفينيد,ketoprofen,100 mg/2 mL,injection,3 ampoules,Sanofi,analgesic;anti-inflammatory,nonsteroidal anti-inflammatory drug (nsaid),pain and inflammation relief,no,no,high,https://yaoota.com/en-eg/product/profenid-100-mg-2-ml-3-amp-price-from-seif-egypt
Profenid,بروفينيد,ketoprofen,100 mg,suppository,6 suppositories,Sanofi,analgesic;anti-inflammatory,nonsteroidal anti-inflammatory drug (nsaid),pain and inflammation relief,no,no,high,https://yaoota.com/en-eg/product/profenid-100-mg-6-supp-price-from-seif-egypt
Progynova,بروجينوفا,estradiol valerate,2 mg,film-coated tablet,21 tablets,Bayer,womens-health,estrogen,hormone replacement/fertility support,no,no,medium,
Prontogest,برونتوجست,progesterone,25 mg/mL,injection,5 ampoules,IBSA,womens-health,progestogen,fertility/luteal support injection,no,no,medium,
Proscar,بروسكار,finasteride,5 mg,film-coated tablet,28 tablets,MSD,urology,5-alpha reductase inhibitor,shrinks enlarged prostate,no,no,high,http://egyptiandrugstore.com/index.php?route=product/product&product_id=1650
Prospan,بروسبان,ivy leaf extract,20 mg/mL,oral drops,20 mL,Engelhard Arzneimittel,respiratory,herbal expectorant,cough and mucus relief (children),no,no,medium,
Prospan,بروسبان,ivy leaf extract,35 mg/5 mL,syrup,100 mL,Engelhard Arzneimittel,respiratory,herbal expectorant,cough and mucus relief,no,no,medium,
Prostat,بروستات,finasteride,5 mg,film-coated tablet,14 tablets,,urology,5-alpha reductase inhibitor,shrinks enlarged prostate,no,no,medium,
Prostec,بروستيك,finasteride,5 mg,tablet,14 tablets,,urology,5-alpha reductase inhibitor,shrinks enlarged prostate,no,no,high,http://egyptiandrugstore.com/index.php?route=product/product&product_id=671
Prostride,بروستريد,finasteride,5 mg,capsule,30 capsules,,urology,5-alpha reductase inhibitor,shrinks enlarged prostate,no,no,high,http://egyptiandrugstore.com/index.php?route=product%2Fproduct&product_id=1663
Protofix,بروتوفيكس,pantoprazole,40 mg,film-coated tablet,14 tablets,,gastric,proton pump inhibitor,reduce stomach acid,no,no,high,https://dwaprices.com/med.php?id=9612
Protoloc,بروتولوك,pantoprazole,20 mg,film-coated tablet,14 tablets,,gastric,proton pump inhibitor,reduce stomach acid,no,no,high,https://dwaprices.com/med.php?id=25429
Prozac,بروزاك,fluoxetine,20 mg,capsule,14 capsules,Eli Lilly,psychiatric,ssri antidepressant,depression and anxiety,no,no,high,https://dwaprices.com/med.php?id=25454
Pulmicort,بولميكورت,budesonide,200 mcg/dose,inhaler,,AstraZeneca,respiratory,inhaled corticosteroid,daily asthma control,no,no,high,https://en.egyptdwa.com/m/317
Pulmicort,بولميكورت,budesonide,0.25 mg/2 mL,nebulizer solution,20 vials,AstraZeneca,respiratory,inhaled corticosteroid,asthma control via nebulizer,no,no,high,https://www.bloompharmacy.com/products/pulmicort-0-25-mg-ml-20-ampoules
Pulmicort,بولميكورت,budesonide,0.5 mg/2 mL,nebulizer solution,20 vials,AstraZeneca,respiratory,inhaled corticosteroid,asthma control via nebulizer,no,no,high,https://www.bloompharmacy.com/products/pulmicort-0-5-mg-ml-20-ampoules
Quadriderm,كوادريديرم,betamethasone;gentamicin;tolnaftate;clioquinol,0.05%/0.1%/1%/1%,cream,30 g,Memphis,dermatology;corticosteroid;antifungal,corticosteroid + antibiotic + antifungal,infected fungal skin conditions,no,no,high,https://gardeniapharmacies.com/en/product/quadriderm-cream/?lang=en
Quitapex,كيوتابكس,quetiapine,100 mg,film-coated tablet,30 tablets,,psychiatric,atypical antipsychotic,schizophrenia and bipolar disorder,no,no,high,https://dwaprices.com/ause.php?id=16
Quitapex,كيوتابكس,quetiapine,200 mg,film-coated tablet,30 tablets,,psychiatric,atypical antipsychotic,schizophrenia and bipolar disorder,no,no,high,https://dwaprices.com/ause.php?id=16
Quitapex,كيوتابكس,quetiapine,25 mg,film-coated tablet,30 tablets,,psychiatric,atypical antipsychotic,schizophrenia and bipolar disorder,no,no,high,https://dwaprices.com/ause.php?id=16
Rabeprakyrl,رابيبراكيرل,rabeprazole,20 mg,film-coated tablet,30 tablets,,gastric,proton pump inhibitor,reduce stomach acid,no,no,high,https://dwaprices.com/med.php?id=13021
Ramipril,راميبريل,ramipril,2.5 mg,capsule,7 capsules,Pharopharma,cardiac,ace inhibitor,high blood pressure,no,no,high,https://dwaprices.com/med.php?id=13078
Ramipril,راميبريل,ramipril,5 mg,capsule,7 capsules,Pharopharma,cardiac,ace inhibitor,high blood pressure,no,no,high,https://dwaprices.com/med.php?id=25663
Ramipril Comp,راميبريل كومب,ramipril;hydrochlorothiazide,5/25 mg,tablet,7 tablets,Pharopharma,cardiac,ace inhibitor + thiazide diuretic,high blood pressure,no,no,high,https://dwaprices.com/med.php?id=25664
Rancif,رانسيف,ciprofloxacin,500 mg,film-coated tablet,,,antibiotic,fluoroquinolone,bacterial infections,no,no,medium,
Randil,رانديل,nicorandil,10 mg,tablet,30 tablets,,cardiac,potassium channel activator,chest pain (angina),no,no,high,https://dwaprices.com/med.php?id=31164
Randil,رانديل,nicorandil,20 mg,tablet,30 tablets,,cardiac,potassium channel activator,chest pain (angina),no,no,high,https://dwaprices.com/med.php?id=13102
Ranexa,رانيكسا,ranolazine,375 mg,extended-release tablet,60 tablets,Menarini,cardiac,anti-anginal (late sodium current inhibitor),chest pain (angina),no,no,high,https://dwaprices.com/med.php?id=31167
Ranexa,رانيكسا,ranolazine,500 mg,extended-release tablet,60 tablets,Menarini,cardiac,anti-anginal (late sodium current inhibitor),chest pain (angina),no,no,high,https://dwaprices.com/med.php?id=31168
Razopump,رازوبامب,esomeprazole,20 mg,capsule,14 capsules,,gastric,proton pump inhibitor,reduce stomach acid,no,no,high,https://dwaprices.com/med.php?id=8812
Razopump,رازوبامب,esomeprazole,40 mg,capsule,14 capsules,,gastric,proton pump inhibitor,reduce stomach acid,no,no,high,https://dwaprices.com/med.php?id=8812
Redoxon,ريدوكسون,ascorbic acid,1000 mg,effervescent tablet,15 tablets,Bayer,vitamins-supplements,vitamin c supplement,vitamin c deficiency and immune support,no,no,high,https://dwaprices.com/ause.php?id=32
Reen-C,رين سي,ascorbic acid,500 mg,capsule,20 capsules,,vitamins-supplements,vitamin c supplement,vitamin c deficiency and immune support,no,no,high,https://dwaprices.com/ause.php?id=32
Refresh Liquigel,ريفريش ليكويجيل,carmellose,1%,eye gel,10 mL,Allergan,ophthalmic,lubricant,dry eyes,no,no,high,https://dwaprices.com/med.php?id=21528
Refresh Plus,ريفريش بلس,carmellose,0.5%,eye drops,single-dose vials,Allergan,ophthalmic,lubricant,dry eyes,no,no,high,https://dwaprices.com/med.php?id=21528
Refresh Tears,ريفريش تيرز,carmellose,0.5%,eye drops,15 mL,Allergan,ophthalmic,lubricant,dry eyes,no,no,high,https://dwaprices.com/med.php?id=21528
Relikast,ريليكاست,montelukast,5 mg,chewable tablet,,,respiratory;allergy,leukotriene receptor antagonist,asthma and allergy prevention (children),no,no,medium,
Remeron,ريميرون,mirtazapine,30 mg,tablet,10 tablets,Organon,psychiatric,atypical antidepressant,depression,no,no,high,https://dwaprices.com/ause.php?id=50
Remigoline,ريميجولين,cabergoline,0.5 mg,tablet,2 tablets,,endocrine,dopamine agonist,lowers prolactin hormone levels,no,no,high,https://dwaprices.com/med.php?id=25855
Renitec,رينيتك,enalapril,10 mg,tablet,,MSD,cardiac,ace inhibitor,high blood pressure,no,no,medium,
Renitec,رينيتك,enalapril,20 mg,tablet,,MSD,cardiac,ace inhibitor,high blood pressure,no,no,medium,
Renitec,رينيتك,enalapril,5 mg,tablet,,MSD,cardiac,ace inhibitor,high blood pressure,no,no,medium,
Renvela,رينفيلا,sevelamer carbonate,800 mg,film-coated tablet,30 tablets,Sanofi Genzyme,urology,phosphate binder,lowers blood phosphate,no,no,medium,
Resonium A,ريزونيوم أيه,calcium polystyrene sulfonate,,powder for oral suspension,,Sanofi,urology,potassium binder,lowers high blood potassium,no,no,medium,
Retarpen,ريتاربين,benzathine penicillin,1.2 MIU,injection,1 vial with solvent,Sandoz,antibiotic,long-acting penicillin,strep throat infections,no,no,high,https://dwaprices.com/med.php?id=25940
Rheumafen,روماФين,diclofenac diethylamine,1.16%,gel,,GlaxoSmithKline,anti-inflammatory;musculoskeletal,topical nsaid,topical pain and inflammation relief,no,no,high,https://gardeniapharmacies.com/en/product/rheumafen-acti-gel/?lang=en
Rheumafen,روماФين,diclofenac sodium,75 mg/3 mL,injection,4 ampoules,GlaxoSmithKline,analgesic;anti-inflammatory,nonsteroidal anti-inflammatory drug (nsaid),pain and inflammation relief,no,no,high,https://dwaprices.com/med.php?id=26010
Rhinathiol,ريناثيول,carbocisteine,100 mg/5 mL,syrup,125 mL,Sanofi,respiratory,mucolytic,loosen mucus and ease cough (children),no,no,medium,
Rhinathiol,ريناثيول,carbocisteine,250 mg/5 mL,syrup,125 mL,Sanofi,respiratory,mucolytic,loosen mucus and ease cough,no,no,medium,
Rhinocort,رينوكورت,budesonide,0.064%,nasal spray,120 doses,AstraZeneca,ent;allergy;corticosteroid,corticosteroid,nasal allergy congestion,no,no,medium,
Risdal,ريسدال,risperidone,1 mg/mL,oral solution,30 mL,,psychiatric,atypical antipsychotic,schizophrenia and mood disorders,no,no,high,https://dwaprices.com/med.php?id=26162
Risperdal,ريسبيردال,risperidone,2 mg,film-coated tablet,20 tablets,Janssen,psychiatric,atypical antipsychotic,schizophrenia and mood disorders,no,no,high,https://dwaprices.com/med.php?id=9899
Risperdal,ريسبيردال,risperidone,4 mg,tablet,20 tablets,Janssen,psychiatric,atypical antipsychotic,schizophrenia and mood disorders,no,no,high,https://dwaprices.com/med.php?id=9902
Risperdal Consta,ريسبيردال كونستا,risperidone,25 mg,injection,1 vial,Janssen,psychiatric,atypical antipsychotic (long-acting),schizophrenia maintenance,yes,no,high,https://dwaprices.com/med.php?id=26182
Risperdal Consta,ريسبيردال كونستا,risperidone,37.5 mg,injection,1 vial,Janssen,psychiatric,atypical antipsychotic (long-acting),schizophrenia maintenance,yes,no,high,https://dwaprices.com/med.php?id=26182
Ritalin,ريتالين,methylphenidate,10 mg,tablet,,Novartis,psychiatric,cns stimulant,adhd,no,yes,medium,
Rivabedax,ريفابيداكس,rivaroxaban,10 mg,tablet,30 tablets,Averos Pharma,anticoagulant,direct oral anticoagulant (factor xa inhibitor),prevent blood clots,no,no,high,https://dwaprices.com/med.php?id=6332
Rivarospire,ريفاروسباير,rivaroxaban,10 mg,tablet,20 tablets,SEDICO,anticoagulant,direct oral anticoagulant (factor xa inhibitor),prevent blood clots,no,no,high,https://yaoota.com/en-eg/product/rivarospire-10-mg-20-tab-price-from-seif-egypt
Rivaxarelt,ريفاكساريلت,rivaroxaban,10 mg,film-coated tablet,10 tablets,Penta Pharma,anticoagulant,direct oral anticoagulant (factor xa inhibitor),prevent blood clots,no,no,high,https://dwaprices.com/med.php?id=26206
Rivotril,ريفوتريل,clonazepam,2 mg,tablet,,Roche,psychiatric,benzodiazepine anticonvulsant,anxiety and seizures,no,yes,medium,
Roaccutane,روأكيوتين,isotretinoin,20 mg,capsule,30 capsules,Roche,dermatology,retinoid,severe acne treatment,no,no,high,https://en.egyptdwa.com/m/1334
Rowatinex,روفاتينكس,pinene;camphene;cineole;fenchone;borneol;anethole,31/15/3/4/10/4 mg,capsule,45 capsules,Rowa Pharmaceuticals,urology,terpene combination,helps pass kidney stones,no,no,high,https://dwaprices.com/med.php?id=10048
Ruatine,رواتين,isotretinoin,20 mg,capsule,,,dermatology,retinoid,severe acne treatment,no,no,medium,
Sacrofer,ساكروفير,iron sucrose,100 mg/5 mL,injection,5 ampoules,,hematology,iron replacement (IV),iron deficiency anemia (IV),no,no,high,https://dwaprices.com/ause.php?id=34
Salazopyrin,سالازوبيرين,sulfasalazine,500 mg,tablet,,Pfizer,anti-inflammatory;musculoskeletal,dmard,rheumatoid arthritis treatment,no,no,medium,
Salibet,ساليبيت,betamethasone;salicylic acid,0.05%/3%,ointment,30 g,Jamjoom Pharma,dermatology;corticosteroid,corticosteroid + keratolytic,psoriasis and thick scaly skin,no,no,medium,
Sanso D3,سانسو دي3,cholecalciferol,10000 IU,tablet,30 tablets,,vitamins-supplements,vitamin d supplement,vitamin d deficiency,no,no,high,https://dwaprices.com/ause.php?id=36
Sedokast,سيدوكاست,montelukast,4 mg,chewable tablet,,,respiratory;allergy,leukotriene receptor antagonist,asthma and allergy prevention (young children),no,no,medium,
Sedokast,سيدوكاست,montelukast,10 mg,film-coated tablet,,,respiratory;allergy,leukotriene receptor antagonist,asthma and allergy prevention,no,no,medium,
Septrin,سبترين,sulfamethoxazole;trimethoprim,400/80 mg,film-coated tablet,,GSK,antibiotic,sulfonamide + folate inhibitor combination,bacterial infections,no,no,medium,
Septrin,سبترين,sulfamethoxazole;trimethoprim,800/160 mg,film-coated tablet,,GSK,antibiotic,sulfonamide + folate inhibitor combination,bacterial infections,no,no,medium,
Septrin,سبترين,sulfamethoxazole;trimethoprim,200/40 mg/5 mL,suspension,,GSK,antibiotic,sulfonamide + folate inhibitor combination,bacterial infections,no,no,medium,
Seretide,سيريتايد,fluticasone;salmeterol,500/50 mcg,dry powder inhaler,60 doses,GlaxoSmithKline,respiratory,inhaled corticosteroid + long-acting beta2 agonist,asthma/COPD control,no,no,high,https://egyptiandrugstore.com/index.php?product_id=3827&route=product%2Fproduct
Seretide,سيريتايد,fluticasone;salmeterol,125/25 mcg,inhaler,120 doses,GlaxoSmithKline,respiratory,inhaled corticosteroid + long-acting beta2 agonist,asthma/COPD control,no,no,high,http://egyptiandrugstore.com/index.php?route=product/product&product_id=3828
Serlift,سيرليفت,sertraline,100 mg,film-coated tablet,10 tablets,EIPICO,psychiatric,ssri antidepressant,depression and anxiety,no,no,high,https://dwaprices.com/med.php?id=26837
Serlift,سيرليفت,sertraline,50 mg,film-coated tablet,30 tablets,EIPICO,psychiatric,ssri antidepressant,depression and anxiety,no,no,medium,
Seroquel,سيروكويل,quetiapine,100 mg,tablet,10 tablets,AstraZeneca,psychiatric,atypical antipsychotic,schizophrenia and bipolar disorder,no,no,high,https://dwaprices.com/med.php?id=10359
Seroquel,سيروكويل,quetiapine,200 mg,tablet,30 tablets,AstraZeneca,psychiatric,atypical antipsychotic,schizophrenia and bipolar disorder,no,no,high,https://dwaprices.com/med.php?id=10361
Seroquel,سيروكويل,quetiapine,25 mg,tablet,10 tablets,AstraZeneca,psychiatric,atypical antipsychotic,schizophrenia and bipolar disorder,no,no,high,https://dwaprices.com/med.php?id=10363
Seroxat,سيروكسات,paroxetine,20 mg,film-coated tablet,30 tablets,GSK,psychiatric,ssri antidepressant,depression and anxiety,no,no,high,https://dwaprices.com/ause.php?id=50
Seroxat CR,سيروكسات سي ار,paroxetine,12.5 mg,extended-release tablet,30 tablets,GSK,psychiatric,ssri antidepressant,depression and anxiety,no,no,high,https://dwaprices.com/ause.php?id=50
Silagra,سيلاجرا,sildenafil,25 mg,film-coated tablet,10 tablets,,urology,PDE5 inhibitor,erectile dysfunction,no,no,high,https://dwaprices.com/med.php?id=10442
Silden,سيلدين,sildenafil,100 mg,film-coated tablet,4 tablets,EIPICO,urology,PDE5 inhibitor,erectile dysfunction,no,no,high,https://dwaprices.com/med.php?id=26957
Silden,سيلدين,sildenafil,25 mg,film-coated tablet,10 tablets,EIPICO,urology,PDE5 inhibitor,erectile dysfunction,no,no,high,https://dwaprices.com/med.php?id=10449
Silden,سيلدين,sildenafil,50 mg,film-coated tablet,4 tablets,EIPICO,urology,PDE5 inhibitor,erectile dysfunction,no,no,high,https://dwaprices.com/med.php?id=26959
Sildenarock,سيلديناروك,sildenafil,100 mg,film-coated tablet,12 tablets,,urology,PDE5 inhibitor,erectile dysfunction,no,no,high,https://dwaprices.com/med.php?id=7019
Silimar,سيليمار,silymarin,140 mg,tablet,30 tablets,,hepatic,hepatoprotective (milk thistle extract),liver support,no,no,high,https://dwaprices.com/med.php?id=26967
Silymarin Plus,سيليمارين بلس,silymarin,140 mg,capsule,20 capsules,,hepatic,hepatoprotective (milk thistle extract),liver support,no,no,high,https://dwaprices.com/med.php?id=10470
Silymarin Plus,سيليمارين بلس,silymarin,140 mg,sachet,10 sachets,,hepatic,hepatoprotective (milk thistle extract),liver support,no,no,high,https://dwaprices.com/med.php?id=10466
Sinecod,سينيكود,butamirate,5 mg/mL,oral drops,20 mL,Novartis,respiratory,antitussive (cough suppressant),dry cough relief (children),no,no,medium,
Sinecod,سينيكود,butamirate,7.5 mg/5 mL,syrup,200 mL,Novartis,respiratory,antitussive (cough suppressant),dry cough relief,no,no,medium,
Sinemet,سينيميت,levodopa;carbidopa,250/25 mg,tablet,,Organon,neurology,antiparkinsonian,parkinson's disease,no,no,medium,
Singukast,سينجوكاست,montelukast,5 mg,chewable tablet,,,respiratory;allergy,leukotriene receptor antagonist,asthma and allergy prevention (children),no,no,medium,
Singulair,سينجولير,montelukast,4 mg,chewable tablet,,MSD,respiratory;allergy,leukotriene receptor antagonist,asthma and allergy prevention (young children),no,no,high,https://www.pharmatop1.com/montelukast-drug-list-in-egypt/
Singulair,سينجولير,montelukast,5 mg,chewable tablet,,MSD,respiratory;allergy,leukotriene receptor antagonist,asthma and allergy prevention (children),no,no,high,https://www.pharmatop1.com/montelukast-drug-list-in-egypt/
Singulair,سينجولير,montelukast,10 mg,film-coated tablet,,MSD,respiratory;allergy,leukotriene receptor antagonist,asthma and allergy prevention,no,no,high,https://www.pharmatop1.com/montelukast-drug-list-in-egypt/
Sirdalud,سيردالود,tizanidine,2 mg,tablet,20 tablets,Novartis,musculoskeletal,centrally acting skeletal muscle relaxant,muscle spasm relief,no,no,high,https://gardeniapharmacies.com/en/product/sirdalud-2mg-20tab/
Sirdalud,سيردالود,tizanidine,4 mg,tablet,20 tablets,Novartis,musculoskeletal,centrally acting skeletal muscle relaxant,muscle spasm relief,no,no,high,https://gardeniapharmacies.com/en/product/sirdalud-4mg-20tab/
Sofolanork,سوفولانورك,sofosbuvir,400 mg,film-coated tablet,,Marcyrl,antiviral,NS5B polymerase inhibitor,hepatitis C,no,no,medium,
Sofradex,سوفرادكس,dexamethasone;framycetin;gramicidin,0.05%/0.5%/0.005%,ear drops,8 mL,Sanofi,ent;antibiotic;corticosteroid,antibiotic + corticosteroid combination,ear infection and inflammation,no,no,medium,
Solian,سوليان,amisulpride,200 mg,tablet,30 tablets,Sanofi,psychiatric,atypical antipsychotic,schizophrenia,no,no,high,https://dwaprices.com/med.php?id=27245
Solu-Cortef,سولو-كورتيف,hydrocortisone,100 mg,injection,1 vial,Pfizer,corticosteroid,corticosteroid (glucocorticoid),reduces inflammation and allergy,no,no,medium,
Solu-Medrol,سولو-ميدرول,methylprednisolone,1 g,injection,1 vial,Pfizer,corticosteroid,corticosteroid (glucocorticoid),reduces inflammation and allergy,no,no,medium,
Solupred Oro,سوليبريد اورو,prednisolone,20 mg,orally disintegrating tablet,20 tablets,Sanofi,corticosteroid,corticosteroid (glucocorticoid),reduces inflammation and allergy,no,no,high,https://dwaprices.com/med.php?id=10677
Solvazinc,سولفازنك,zinc sulfate,50 mg,capsule,30 capsules,,vitamins-supplements,zinc supplement,zinc deficiency and immune support,no,no,high,https://dwaprices.com/ause.php?id=46
Solvolytic,سولفوليتك,bromhexine,8 mg/5 mL,syrup,115 mL,CID,respiratory,mucolytic,loosen mucus and ease cough,no,no,high,https://dwaprices.com/med.php?id=27279
Sonidair,سونيدير,budesonide,0.5 mg/2 mL,nebulizer solution,30 respules,,respiratory,inhaled corticosteroid,asthma control via nebulizer,no,no,high,http://egyptiandrugstore.com/index.php?route=product/product&product_id=1766
Sovaldi,سوفالدي,sofosbuvir,400 mg,film-coated tablet,28 tablets,Gilead,hepatic;antiviral,NS5B polymerase inhibitor (antiviral),hepatitis C treatment,no,no,high,https://dwaprices.com/med.php?id=10725
Sovelpak,سوفيلباك,sofosbuvir;velpatasvir,400/100 mg,tablet,28 tablets,,hepatic;antiviral,NS5A/NS5B inhibitor combination (antiviral),hepatitis C treatment,no,no,high,https://dwaprices.com/med.php?id=27315
Spasmomen,سبازمومين,otilonium bromide,40 mg,film-coated tablet,20 tablets,Menarini,gastric,antispasmodic (gut-selective calcium channel blocker),irritable bowel cramps,no,no,high,https://dwaprices.com/med.php?id=10766
Spiriva,سبيريفا,tiotropium,18 mcg,dry powder inhaler,30 capsules,Boehringer Ingelheim,respiratory,long-acting anticholinergic bronchodilator,COPD daily maintenance,no,no,high,https://dwaprices.com/med.php?id=10812
Spiriva Respimat,سبيريفا ريسبيمات,tiotropium,2.5 mcg/dose,inhaler,60 doses,Boehringer Ingelheim,respiratory,long-acting anticholinergic bronchodilator,COPD/asthma daily maintenance,no,no,high,https://dwaprices.com/med.php?id=27407
Spironolactone (Delta),سبيرونولاكتون,spironolactone,100 mg,tablet,20 tablets,Delta Pharma,cardiac,potassium-sparing diuretic,"fluid retention, heart failure",no,no,high,https://dwaprices.com/med.php?id=10816
Spironolactone (Delta),سبيرونولاكتون,spironolactone,25 mg,tablet,10 tablets,Delta Pharma,cardiac,potassium-sparing diuretic,"fluid retention, heart failure",no,no,high,https://dwaprices.com/med.php?id=10817
Sporanox,سبورانوكس,itraconazole,100 mg,capsule,,Janssen,antifungal,triazole antifungal,fungal infections,no,no,medium,
Statukast,ستاتوكاست,montelukast,4 mg,chewable tablet,,,respiratory;allergy,leukotriene receptor antagonist,asthma and allergy prevention (young children),no,no,medium,
Statukast,ستاتوكاست,montelukast,10 mg,film-coated tablet,,,respiratory;allergy,leukotriene receptor antagonist,asthma and allergy prevention,no,no,medium,
Sterimar,ستيريمار,sodium chloride,,nasal spray,50 mL,,ent,isotonic seawater nasal wash,nasal congestion and hygiene,no,no,medium,
Stilnox,ستيلنوكس,zolpidem,10 mg,film-coated tablet,,Sanofi,psychiatric,non-benzodiazepine hypnotic,short-term insomnia,no,yes,medium,
Stoprrhea,ستوبريا,loperamide,2 mg,orally disintegrating tablet,,,gastric,opioid-receptor antidiarrheal,diarrhea,no,no,medium,
Strattera,ستراتيرا,atomoxetine,25 mg,capsule,,Eli Lilly,psychiatric,non-stimulant adhd medication,adhd,no,no,medium,
Strepsils,ستربسيلز,amylmetacresol;dichlorobenzyl alcohol,0.6/1.2 mg,lozenge,24 lozenges,Reckitt,oral-dental,antiseptic,sore throat relief,no,no,medium,
Stringazole,سترينجازول,pantoprazole,40 mg,film-coated tablet,21 tablets,,gastric,proton pump inhibitor,reduce stomach acid,no,no,high,https://dwaprices.com/product/stringazole-40mg-21-e.c.-tab
Stugeron,ستوجيرون,cinnarizine,25 mg,tablet,,Janssen,neurology,antihistamine / calcium channel blocker,vertigo and motion sickness,no,no,high,https://dwaprices.com/ause.php?id=53
Supradyn,سوبرادين,multivitamins;minerals,,effervescent tablet,20 tablets,Bayer,vitamins-supplements,multivitamin,general vitamin and mineral supplementation,no,no,medium,
Suprax,سوبراكس,cefixime,100 mg/5 mL,powder for oral suspension,30 mL,Sanofi,antibiotic,third-generation cephalosporin,bacterial infections,no,no,medium,
Sustanon,سوستانون,testosterone,250 mg,injection,1 ampoule,,endocrine,androgen (testosterone replacement),testosterone replacement therapy (men),no,no,high,https://dwaprices.com/med.php?id=11073
Synjardy,سينجاردي,empagliflozin;metformin,5/1000 mg,film-coated tablet,60 tablets,Boehringer Ingelheim,antidiabetic,SGLT2 inhibitor + biguanide,lowers blood sugar (diabetes),no,no,high,https://dwaprices.com/med.php?id=27816
Systane,سيستان,polyethylene glycol 400;propylene glycol,0.4%/0.3%,eye drops,10 mL,Alcon,ophthalmic,lubricant,dry eyes,no,no,medium,
Tamiflu,تامیفلو,oseltamivir,75 mg,capsule,10 capsules,Roche,antiviral,neuraminidase inhibitor,influenza,no,no,high,https://dwaprices.com/ause.php?id=12
Tamsol,تامسول,tamsulosin,0.4 mg,capsule,30 capsules,,urology,alpha-1 blocker,enlarged prostate,no,no,high,https://dwaprices.com/similars.php?id=11161
Tamsonorm SR,تامسونورم اس آر,tamsulosin,0.4 mg,extended-release capsule,30 capsules,,urology,alpha-1 blocker,enlarged prostate,no,no,high,https://dwaprices.com/similars.php?id=11161
Tamsulin,تامسولين,tamsulosin,0.4 mg,capsule,28 capsules,,urology,alpha-1 blocker,enlarged prostate,no,no,high,https://dwaprices.com/similars.php?id=11161
Tantum Verde,تانتوم فيردي,benzydamine,3 mg,lozenge,20 lozenges,Angelini,oral-dental,nonsteroidal anti-inflammatory analgesic,sore throat and mouth pain,no,no,medium,
Tantum Verde,تانتوم فيردي,benzydamine,0.15%,mouthwash,240 mL,Angelini,oral-dental,nonsteroidal anti-inflammatory analgesic,sore throat and mouth pain,no,no,medium,
Tareg,تارج,valsartan,160 mg,film-coated tablet,28 tablets,Novartis,cardiac,angiotensin receptor blocker,high blood pressure,no,no,high,https://dwaprices.com/med.php?id=11177
Tareg,تارج,valsartan,40 mg,film-coated tablet,15 tablets,Novartis,cardiac,angiotensin receptor blocker,high blood pressure,no,no,high,https://dwaprices.com/med.php?id=11180
Tareg,تارج,valsartan,80 mg,film-coated tablet,,Novartis,cardiac,angiotensin receptor blocker,high blood pressure,no,no,medium,
Tarivid,تاريفيد,ofloxacin,200 mg,film-coated tablet,,Sanofi,antibiotic,fluoroquinolone,bacterial infections,no,no,medium,
Tavacin,تافاسين,levofloxacin,500 mg,film-coated tablet,5 tablets,,antibiotic,fluoroquinolone,bacterial infections,no,no,high,https://dwaprices.com/ause.php?id=10
Tavanic,تافانيك,levofloxacin,500 mg,film-coated tablet,5 tablets,Sanofi,antibiotic,fluoroquinolone,bacterial infections,no,no,high,https://dwaprices.com/ause.php?id=10
Tecavir,تيكافير,entecavir,0.5 mg,film-coated tablet,30 tablets,,hepatic;antiviral,nucleoside analog reverse transcriptase inhibitor (antiviral),hepatitis B treatment,no,no,high,https://dwaprices.com/med.php?id=11225
Tegretol,تجريتول,carbamazepine,200 mg,tablet,30 tablets,Novartis,neurology,antiepileptic,epilepsy and nerve pain,no,no,high,https://dwaprices.com/med.php?id=11234
Tegretol CR,تجريتول سي ار,carbamazepine,200 mg,extended-release tablet,20 tablets,Novartis,neurology,antiepileptic,epilepsy and nerve pain,no,no,high,https://dwaprices.com/med.php?id=11237
Tegretol CR,تجريتول سي ار,carbamazepine,400 mg,extended-release tablet,20 tablets,Novartis,neurology,antiepileptic,epilepsy and nerve pain,no,no,high,https://dwaprices.com/med.php?id=11236
Telfast,تلفاست,fexofenadine,120 mg,film-coated tablet,20 tablets,Sanofi,allergy,antihistamine,allergy symptom relief,no,no,high,http://egyptiandrugstore.com/index.php?route=product/product&product_id=2740
Telfast,تلفاست,fexofenadine,180 mg,film-coated tablet,20 tablets,Sanofi,allergy,antihistamine,allergy symptom relief,no,no,high,http://egyptiandrugstore.com/index.php?route=product/product&product_id=2741
Telfast,تلفاست,fexofenadine,30 mg/5 mL,suspension,100 mL,Sanofi,allergy,antihistamine,allergy symptom relief (children),no,no,high,http://egyptiandrugstore.com/index.php?route=product/product&product_id=2745
Tenaviron,تينافيرون,tenofovir disoproxil,300 mg,tablet,30 tablets,,hepatic;antiviral,nucleotide analog reverse transcriptase inhibitor (antiviral),hepatitis B treatment,no,no,high,https://dwaprices.com/med.php?id=28009
Tenormin,تينورمين,atenolol,50 mg,film-coated tablet,28 tablets,AstraZeneca,cardiac,beta blocker,high blood pressure,no,no,high,https://dwaprices.com/med.php?id=11270
Terbin,تيربين,terbinafine,1%,cream,15 g,,dermatology;antifungal,allylamine antifungal,fungal skin infection,no,no,high,https://tdawi.com/en_eg/catalogsearch/result/?q=terbinafine
Texacort,تكساكورت,hydrocortisone,0.1%,cream,20 g,,dermatology;corticosteroid,mild topical corticosteroid,mild eczema and itching,no,no,high,https://www.bloompharmacy.com/collections/corticosteroids
Thormoxiban,ثرومكسيبان,rivaroxaban,10 mg,film-coated tablet,10 tablets,Medizen,anticoagulant,direct oral anticoagulant (factor xa inhibitor),prevent blood clots,no,no,high,https://dwaprices.com/med.php?id=28144
Thyrocarbin,ثيروكاربين,carbimazole,20 mg,tablet,100 tablets,,endocrine,antithyroid (thionamide),treats overactive thyroid,no,no,high,https://dwaprices.com/med.php?id=2275
Thyroxine,ثيروكسين,levothyroxine,100 mcg,tablet,100 tablets,,endocrine,thyroid hormone replacement,treats underactive thyroid,no,no,high,https://dwaprices.com/med.php?id=11401
Thyroxine,ثيروكسين,levothyroxine,50 mcg,tablet,100 tablets,,endocrine,thyroid hormone replacement,treats underactive thyroid,no,no,high,https://dwaprices.com/med.php?id=28165
Ticaloguard,تيكالوجارد,ticagrelor,90 mg,film-coated tablet,30 tablets,,cardiac,antiplatelet (p2y12 inhibitor),prevent blood clots,no,no,high,https://dwaprices.com/med.php?id=31488
Tienam,تينام,imipenem;cilastatin,500/500 mg,injection,1 vial,,antibiotic,carbapenem,severe bacterial infections,no,no,medium,
Timolol,تيمولول,timolol,0.5%,eye drops,5 mL,EIPICO,ophthalmic,beta-blocker,glaucoma eye pressure,no,no,high,https://tdawi.com/en_eg/timolol-0-5-eye-drops-5ml
Timoptic,تيموبتيك,timolol,0.5%,eye drops,5 mL,MSD,ophthalmic,beta-blocker,glaucoma eye pressure,no,no,medium,
Tiratam,تيراتام,levetiracetam,1000 mg,tablet,20 tablets,,neurology,antiepileptic,epilepsy,no,no,high,https://dwaprices.com/ause.php?id=42
Tiratam,تيراتام,levetiracetam,500 mg,tablet,30 tablets,,neurology,antiepileptic,epilepsy,no,no,high,https://dwaprices.com/ause.php?id=42
Tobradex,توبرادكس,tobramycin;dexamethasone,0.3%/0.1%,eye drops,5 mL,Alcon,ophthalmic;corticosteroid;antibiotic,antibiotic + corticosteroid combination,eye inflammation with infection,no,no,high,https://tdawi.com/en_eg/tobradex-eye-drops-5-ml
Tobradex,توبرادكس,tobramycin;dexamethasone,0.3%/0.1%,eye ointment,3.5 g,Alcon,ophthalmic;corticosteroid;antibiotic,antibiotic + corticosteroid combination,eye inflammation with infection,no,no,high,https://tdawi.com/en_eg/tobradex-eye-ointment-3-5-gm
Tobrex,توبريكس,tobramycin,0.3%,eye drops,5 mL,Alcon,ophthalmic;antibiotic,aminoglycoside antibiotic,bacterial eye infection,no,no,high,https://tdawi.com/en_eg/medicines/tobrex-0-3-eye-drops-5-ml
Tobrex,توبريكس,tobramycin,0.3%,eye ointment,3.5 g,Alcon,ophthalmic;antibiotic,aminoglycoside antibiotic,bacterial eye infection,no,no,medium,
Tofranil,توفرانيل,imipramine,25 mg,tablet,50 tablets,Novartis,psychiatric,tricyclic antidepressant,depression and bedwetting,no,no,high,https://dwaprices.com/ause.php?id=50
Topamax,توباماكس,topiramate,100 mg,tablet,60 tablets,Janssen,neurology,antiepileptic,epilepsy and migraine prevention,no,no,high,https://dwaprices.com/ause.php?id=42
Topamax,توباماكس,topiramate,25 mg,tablet,60 tablets,Janssen,neurology,antiepileptic,epilepsy and migraine prevention,no,no,high,https://dwaprices.com/ause.php?id=42
Topimethrin,توبيميثرين,permethrin,5%,lotion,50 mL,,dermatology;antiparasitic,scabicide,scabies and lice treatment,no,no,high,https://gardeniapharmacies.com/en/?s=permethrin
Toujeo SoloStar,توجيو سولوستار,insulin glargine,300 IU/mL,injection,5 pre-filled pens,Sanofi,antidiabetic,long-acting insulin analogue,controls blood sugar (diabetes),yes,no,high,https://dwaprices.com/med.php?id=33781
Trajenta,تراجنتا,linagliptin,5 mg,film-coated tablet,30 tablets,Boehringer Ingelheim,antidiabetic,DPP-4 inhibitor,lowers blood sugar (diabetes),no,no,high,https://dwaprices.com/med.php?id=28383
Tramal,ترامال,tramadol,50 mg,capsule,,Grunenthal,analgesic,opioid analgesic,moderate to severe pain relief,no,yes,medium,
Tramal,ترامال,tramadol,100 mg/2 mL,injection,,Grunenthal,analgesic,opioid analgesic,moderate to severe pain relief,no,yes,medium,
Travatan,ترافاتان,travoprost,0.004%,eye drops,2.5 mL,Alcon,ophthalmic,prostaglandin analogue,glaucoma eye pressure,no,no,medium,
Traveria,ترافيريا,rifaximin,200 mg,tablet,,,hepatic;gastric,non-absorbable antibiotic (rifamycin),traveler's diarrhea,no,no,high,https://dwaprices.com/ause.php?id=2
Traveria,ترافيريا,rifaximin,550 mg,tablet,,,hepatic;gastric,non-absorbable antibiotic (rifamycin),hepatic encephalopathy,no,no,high,https://dwaprices.com/ause.php?id=2
Travodermal,ترافوديرمال,isoconazole;diflucortolone,1%/0.1%,cream,15 g,,dermatology;corticosteroid;antifungal,corticosteroid + antifungal,fungal skin infection with inflammation,no,no,medium,
Treflucan,تريفلوكان,fluconazole,150 mg,capsule,1 capsule,,antifungal,triazole antifungal,fungal infections,no,no,high,https://dwaprices.com/ause.php?id=11
Trencedia,ترنسيديا,rifaximin,200 mg,tablet,,,hepatic;gastric,non-absorbable antibiotic (rifamycin),traveler's diarrhea,no,no,high,https://dwaprices.com/ause.php?id=2
Trencedia,ترنسيديا,rifaximin,550 mg,tablet,,,hepatic;gastric,non-absorbable antibiotic (rifamycin),hepatic encephalopathy,no,no,high,https://dwaprices.com/ause.php?id=2
Tresiba FlexTouch,تريسيبا فليكستاتش,insulin degludec,100 IU/mL,injection,,Novo Nordisk,antidiabetic,ultra-long-acting insulin analogue,controls blood sugar (diabetes),yes,no,high,https://dwaprices.com/similars.php?id=28437
Tricardia,ترايكارديا,trimetazidine,20 mg,tablet,20 tablets,,cardiac,anti-ischemic metabolic agent,chest pain (angina),no,no,high,https://dwaprices.com/med.php?id=11651
Trileptal,تريليبتال,oxcarbazepine,300 mg,tablet,50 tablets,Novartis,neurology,antiepileptic,epilepsy,no,no,high,https://dwaprices.com/ause.php?id=42
Trileptal,تريليبتال,oxcarbazepine,600 mg,tablet,50 tablets,Novartis,neurology,antiepileptic,epilepsy,no,no,high,https://dwaprices.com/ause.php?id=42
Trittico,تريتيكو,trazodone,100 mg,tablet,20 tablets,,psychiatric,atypical antidepressant,depression and insomnia,no,no,high,https://dwaprices.com/ause.php?id=50
Trittico,تريتيكو,trazodone,50 mg,tablet,20 tablets,,psychiatric,atypical antidepressant,depression and insomnia,no,no,high,https://dwaprices.com/ause.php?id=50
Trulicity,تروليسيتي,dulaglutide,0.75 mg/0.5 mL,injection,4 pre-filled pens,Eli Lilly,antidiabetic,GLP-1 receptor agonist,"lowers blood sugar, weight loss",yes,no,high,https://dwaprices.com/med.php?id=28586
Trulicity,تروليسيتي,dulaglutide,1.5 mg/0.5 mL,injection,4 pre-filled pens,Eli Lilly,antidiabetic,GLP-1 receptor agonist,"lowers blood sugar, weight loss",yes,no,high,https://dwaprices.com/med.php?id=28587
Trusopt,تروسوبت,dorzolamide,2%,eye drops,5 mL,MSD,ophthalmic,carbonic anhydrase inhibitor,glaucoma eye pressure,no,no,medium,
Tryptizol,تريبتيزول,amitriptyline,10 mg,film-coated tablet,60 tablets,,psychiatric,tricyclic antidepressant,depression and chronic pain,no,no,high,https://dwaprices.com/ause.php?id=50
Tryptizol,تريبتيزول,amitriptyline,25 mg,film-coated tablet,30 tablets,,psychiatric,tricyclic antidepressant,depression and chronic pain,no,no,high,https://dwaprices.com/ause.php?id=50
Tussivan-N,توسيفان-ن,chlorpheniramine;phenylephrine;dextromethorphan,1/5/3.65 mg/5 mL,syrup,125 mL,,cold-flu,antihistamine decongestant antitussive combo,cough and cold symptom relief,no,no,high,https://dwaprices.com/med.php?id=11762
Ulcezole,السيزول,dexlansoprazole,30 mg,extended-release capsule,20 capsules,,gastric,proton pump inhibitor,reduce stomach acid,no,no,high,https://dwaprices.com/med.php?id=8192
Ulcezole,السيزول,dexlansoprazole,60 mg,extended-release capsule,20 capsules,,gastric,proton pump inhibitor,reduce stomach acid,no,no,high,https://dwaprices.com/med.php?id=28649
Unictam,يونيكتام,ampicillin;sulbactam,1000/500 mg,injection,1 vial,,antibiotic,aminopenicillin + beta-lactamase inhibitor,bacterial infections,no,no,high,https://dwaprices.com/med.php?id=11896
Unictam,يونيكتام,ampicillin;sulbactam,2000/1000 mg,injection,1 vial,,antibiotic,aminopenicillin + beta-lactamase inhibitor,bacterial infections,no,no,high,https://dwaprices.com/med.php?id=28724
Unocron MR,اونوكرون ام ار,gliclazide,60 mg,extended-release tablet,30 tablets,,antidiabetic,sulfonylurea,lowers blood sugar (diabetes),no,no,high,https://dwaprices.com/med.php?id=11942
Uralyt-U,يوراليت يو,potassium sodium hydrogen citrate,2.4 g/2.5 g measure,powder for oral suspension,280 g,Sandoz,urology,urinary alkaliniser,dissolves and prevents uric acid stones,no,no,high,https://www.bloompharmacy.com/products/uralyt-u-effervescent-granules-280-gm
Uripan XR,يوريبان اكس ار,oxybutynin,10 mg,extended-release tablet,30 tablets,,urology,antimuscarinic,overactive bladder,no,no,high,https://dwaprices.com/med.php?id=28854
Ursodiol,اورسوديول,ursodeoxycholic acid,250 mg,capsule,20 capsules,,hepatic,bile acid,gallstones and liver support,no,no,high,https://dwaprices.com/med.php?id=28870
Ursofalk,اورسوفالك,ursodeoxycholic acid,250 mg,capsule,,Dr. Falk Pharma,hepatic,bile acid,gallstones and liver support,no,no,medium,
Ursogall,اورسوجول,ursodeoxycholic acid,300 mg,capsule,30 capsules,,hepatic,bile acid,gallstones and liver support,no,no,high,https://dwaprices.com/med.php?id=12004
Ursogall,اورسوجول,ursodeoxycholic acid,450 mg,extended-release capsule,10 capsules,,hepatic,bile acid,gallstones and liver support,no,no,high,https://dwaprices.com/med.php?id=28875
Utrogestan,أوتروجيستان,progesterone,100 mg,capsule,30 capsules,Besins Healthcare,womens-health,progestogen,hormone support in pregnancy,no,no,medium,
Utrogestan,أوتروجيستان,progesterone,200 mg,capsule,15 capsules,Besins Healthcare,womens-health,progestogen,hormone support in pregnancy,no,no,medium,
Valdoxan,فالدوكسان,agomelatine,25 mg,film-coated tablet,28 tablets,Servier,psychiatric,melatonergic antidepressant,depression,no,no,medium,
Valium,فاليوم,diazepam,5 mg,tablet,,Roche,psychiatric,benzodiazepine anxiolytic,anxiety and muscle spasm,no,yes,medium,
Valtrex,فالتريكس,valacyclovir,500 mg,film-coated tablet,42 tablets,GSK,antiviral,nucleoside analogue,herpes and shingles,no,no,high,https://dwaprices.com/ause.php?id=12
Vancomycin,فانكومايسين,vancomycin,500 mg,injection,1 vial,,antibiotic,glycopeptide,resistant bacterial infections,no,no,medium,
Vastarel MR,فاستاريل ام ار,trimetazidine,35 mg,extended-release tablet,30 tablets,Servier,cardiac,anti-ischemic metabolic agent,chest pain (angina),no,no,high,https://dwaprices.com/med.php?id=12115
Vastor,فاستور,trimetazidine,20 mg,film-coated tablet,20 tablets,,cardiac,anti-ischemic metabolic agent,chest pain (angina),no,no,high,https://dwaprices.com/med.php?id=12119
Ventolin,فنتولين,salbutamol,100 mcg/dose,inhaler,200 doses,GlaxoSmithKline,respiratory,short-acting beta2 agonist bronchodilator,asthma quick relief,no,no,high,https://dwaprices.com/med.php?id=12201
Ventolin,فنتولين,salbutamol,5 mg/mL,nebulizer solution,20 mL,GlaxoSmithKline,respiratory,short-acting beta2 agonist bronchodilator,asthma nebulizer treatment,no,no,high,https://dwaprices.com/med.php?id=29127
Ventolin,فنتولين,salbutamol,2 mg/5 mL,syrup,125 mL,GlaxoSmithKline,respiratory,short-acting beta2 agonist bronchodilator,asthma & wheeze relief,no,no,high,https://dwaprices.com/med.php?id=12203
Verapamil,فيراباميل,verapamil,80 mg,tablet,20 tablets,,cardiac,calcium channel blocker,high blood pressure,no,no,high,https://dwaprices.com/med.php?id=12218
Vermox,فيرموكس,mebendazole,100 mg,chewable tablet,6 tablets,Janssen,antiparasitic,benzimidazole anthelmintic,intestinal worms,no,no,medium,
Vesicare,فيزيكير,solifenacin,10 mg,film-coated tablet,30 tablets,Astellas,urology,antimuscarinic,overactive bladder,no,no,medium,
Vesicare,فيزيكير,solifenacin,5 mg,film-coated tablet,30 tablets,Astellas,urology,antimuscarinic,overactive bladder,no,no,medium,
Viagra,فياجرا,sildenafil,100 mg,film-coated tablet,4 tablets,Pfizer,urology,PDE5 inhibitor,erectile dysfunction,no,no,medium,
Viagra,فياجرا,sildenafil,50 mg,film-coated tablet,4 tablets,Pfizer,urology,PDE5 inhibitor,erectile dysfunction,no,no,medium,
Vibramycin,فيبراميسين,doxycycline,100 mg,capsule,10 capsules,Pfizer,antibiotic,tetracycline,bacterial infections,no,no,high,https://dwaprices.com/ause.php?id=10
Victoza,فيكتوزا,liraglutide,18 mg/3 mL,injection,2 pre-filled pens,Novo Nordisk,antidiabetic,GLP-1 receptor agonist,"lowers blood sugar, weight loss",yes,no,high,https://dwaprices.com/med.php?id=13019
Vidrop,فيدروب,cholecalciferol,2800 IU/mL,oral drops,15 mL,,vitamins-supplements,vitamin d supplement,vitamin d deficiency,no,no,high,https://dwaprices.com/ause.php?id=36
Vigamox,فيجاموكس,moxifloxacin,0.5%,eye drops,5 mL,Alcon,ophthalmic;antibiotic,fluoroquinolone antibiotic,bacterial eye infection,no,no,high,https://tdawi.com/en_eg/vigamox-eye-drops-5-ml
Vildaglip,فيلداجليب,vildagliptin,50 mg,tablet,30 tablets,El-Obour Modern Pharm,antidiabetic,DPP-4 inhibitor,lowers blood sugar (diabetes),no,no,high,https://dwaprices.com/med.php?id=29319
Vildagluse,فيلداجلوز,vildagliptin,50 mg,tablet,30 tablets,,antidiabetic,DPP-4 inhibitor,lowers blood sugar (diabetes),no,no,high,https://dwaprices.com/med.php?id=29320
Virustat,فيروستات,acyclovir,200 mg/5 mL,suspension,120 mL,,antiviral,nucleoside analogue,herpes virus infections,no,no,high,https://dwaprices.com/ause.php?id=12
Viscotears,فيسكوتيرز,carbomer,0.2%,eye gel,10 g,Bausch+Lomb,ophthalmic,lubricant,dry eyes,no,no,medium,
Vitacid C,فيتاسيد سي,ascorbic acid,1000 mg,effervescent tablet,12 tablets,,vitamins-supplements,vitamin c supplement,vitamin c deficiency and immune support,no,no,high,https://dwaprices.com/ause.php?id=32
Voltaren,فولتارين,diclofenac sodium,75 mg/3 mL,injection,6 ampoules,Novartis,analgesic;anti-inflammatory,nonsteroidal anti-inflammatory drug (nsaid),pain and inflammation relief,no,no,high,https://www.pro.novartis.com/eg-en/products/pain-inflammation/orthopedic-specialty/voltarenr-75mg3ml-ampoules
Voltaren,فولتارين,diclofenac sodium,100 mg,suppository,10 suppositories,Novartis,analgesic;anti-inflammatory,nonsteroidal anti-inflammatory drug (nsaid),pain and inflammation relief,no,no,high,http://egyptiandrugstore.com/index.php?route=product/product&product_id=1908
Voltaren,فولتارين,diclofenac sodium,12.5 mg,suppository,,Novartis,analgesic;anti-inflammatory,nonsteroidal anti-inflammatory drug (nsaid),pain and inflammation relief,no,no,high,https://medicarcp.com/en/products/details/Voltaren%20Suppositories%2012.5mg
Voltaren Emulgel,فولتارين إيمولجيل,diclofenac diethylamine,1%,gel,100 g,Novartis,anti-inflammatory;musculoskeletal,topical nsaid,topical pain and inflammation relief,no,no,high,http://egyptiandrugstore.com/index.php?route=product%2Fproduct&product_id=2086
Voltaren Ophtha,فولتارين افثا,diclofenac,0.1%,eye drops,5 mL,Novartis,ophthalmic;anti-inflammatory,NSAID,eye inflammation after surgery,no,no,medium,
Voltaren SR,فولتارين اس آر,diclofenac sodium,100 mg,extended-release tablet,20 tablets,Novartis,analgesic;anti-inflammatory,nonsteroidal anti-inflammatory drug (nsaid),pain and inflammation relief,no,no,high,https://egyptiandrugstore.com/index.php?product_id=4023&route=product%2Fproduct
Voltaren SR,فولتارين اس آر,diclofenac sodium,75 mg,extended-release tablet,10 tablets,Novartis,analgesic;anti-inflammatory,nonsteroidal anti-inflammatory drug (nsaid),pain and inflammation relief,no,no,high,https://www.noon.com/egypt-en/voltaren-sr-75mg-tablets-10-s/Z5BE23769497CF10AC15AZ/p/
Votriaxone,فوترياكسون,ceftriaxone,1 g,injection,1 vial,,antibiotic,third-generation cephalosporin,bacterial infections,no,no,high,https://dwaprices.com/med.php?id=29602
Warfarin,وارفارين,warfarin,2 mg,tablet,30 tablets,,anticoagulant,vitamin k antagonist anticoagulant,prevent blood clots,no,no,high,https://dwaprices.com/med.php?id=12582
Wellman Original,ويل مان اورجينال,vitamin a;vitamin c;vitamin e;zinc;selenium;ginseng,,tablet,30 tablets,Vitabiotics,vitamins-supplements,multivitamin for men,general vitamin and mineral supplementation,no,no,high,https://dwaprices.com/ause.php?id=5
Wellwoman Original,ويل وومن اورجينال,vitamin a;vitamin c;vitamin e;iron;zinc;evening primrose oil,,tablet,60 tablets,Vitabiotics,vitamins-supplements,multivitamin for women,general vitamin and mineral supplementation,no,no,high,https://dwaprices.com/ause.php?id=5
Westair,وستير,montelukast,4 mg,chewable tablet,,,respiratory;allergy,leukotriene receptor antagonist,asthma and allergy prevention (young children),no,no,medium,
Xalacom,زالاكوم,latanoprost;timolol,0.005%/0.5%,eye drops,2.5 mL,Pfizer,ophthalmic,prostaglandin analogue + beta-blocker,glaucoma eye pressure,yes,no,medium,
Xalatan,زالاتان,latanoprost,0.005%,eye drops,2.5 mL,Pfizer,ophthalmic,prostaglandin analogue,glaucoma eye pressure,yes,no,medium,
Xanax,زاناكس,alprazolam,0.5 mg,tablet,,Pfizer,psychiatric,benzodiazepine anxiolytic,anxiety,no,yes,medium,
Xanoxiban,زانوكسيبان,rivaroxaban,2.5 mg,film-coated tablet,10 tablets,,anticoagulant,direct oral anticoagulant (factor xa inhibitor),prevent blood clots,no,no,high,https://dwaprices.com/med.php?id=29711
Xarelto,زارلتو,rivaroxaban,10 mg,film-coated tablet,10 tablets,Bayer,anticoagulant,direct factor xa inhibitor,prevent blood clots,no,no,high,https://dwaprices.com/med.php?id=29718
Xarelto,زارلتو,rivaroxaban,15 mg,film-coated tablet,42 tablets,Bayer,anticoagulant,direct factor xa inhibitor,prevent blood clots,no,no,high,https://dwaprices.com/med.php?id=29719
Xarelto,زارلتو,rivaroxaban,20 mg,film-coated tablet,28 tablets,Bayer,anticoagulant,direct factor xa inhibitor,prevent blood clots,no,no,high,https://dwaprices.com/med.php?id=29721
Xatral XL,زاترال اكس ال,alfuzosin,10 mg,extended-release tablet,30 tablets,Sanofi,urology,alpha-1 blocker,enlarged prostate,no,no,high,http://egyptiandrugstore.com/index.php?route=product/product&product_id=1947
Xefo,زيفو,lornoxicam,8 mg,tablet,10 tablets,Takeda,analgesic;anti-inflammatory,nonsteroidal anti-inflammatory drug (nsaid),pain and inflammation relief,no,no,high,https://gardeniapharmacies.com/en/product/xefo-8mg-10tab/
Xefo Rapid,زيفو رابيد,lornoxicam,8 mg,tablet,20 tablets,Takeda,analgesic;anti-inflammatory,nonsteroidal anti-inflammatory drug (nsaid),pain and inflammation relief,no,no,high,https://www.bloompharmacy.com/products/xefo-rapid-8-mg-20-tablets
Xeractan,زيراكتان,isotretinoin,10 mg,capsule,,,dermatology,retinoid,severe acne treatment,no,no,medium,
Xeractan,زيراكتان,isotretinoin,20 mg,capsule,,,dermatology,retinoid,severe acne treatment,no,no,medium,
Xigduo,زيجدو,dapagliflozin;metformin,5/1000 mg,film-coated tablet,56 tablets,AstraZeneca,antidiabetic,SGLT2 inhibitor + biguanide,lowers blood sugar (diabetes),no,no,high,https://dwaprices.com/med.php?id=31631
Ximacef,زيماسيف,cefixime,400 mg,capsule,5 capsules,Sigma,antibiotic,third-generation cephalosporin,bacterial infections,no,no,high,https://dwaprices.com/med.php?id=12698
Ximacef,زيماسيف,cefixime,100 mg/5 mL,powder for oral suspension,60 mL,Sigma,antibiotic,third-generation cephalosporin,bacterial infections,no,no,high,https://dwaprices.com/med.php?id=12694
Xithrone,زيثرون,azithromycin,500 mg,film-coated tablet,3 tablets,,antibiotic,macrolide,bacterial infections,no,no,high,https://dwaprices.com/ause.php?id=10
Xoraxon,زوراكسون,ceftriaxone,1 g,injection,1 vial,,antibiotic,third-generation cephalosporin,bacterial infections,no,no,high,https://dwaprices.com/ause.php?id=10
Yasmin,ياسمين,drospirenone;ethinylestradiol,3/0.03 mg,film-coated tablet,21 tablets,Bayer,womens-health,combined oral contraceptive,birth control,no,no,high,http://egyptiandrugstore.com/index.php?route=product/product&product_id=1946
Zaditen,زاديتين,ketotifen,0.025%,eye drops,5 mL,,ophthalmic;allergy,antihistamine mast cell stabilizer,eye allergy itching,no,no,high,http://egyptiandrugstore.com/index.php?route=product/product&product_id=725
Zaditen,زاديتين,ketotifen,1 mg/5 mL,syrup,100 mL,Novartis,allergy;respiratory,antihistamine + mast cell stabilizer,allergy and asthma prevention,no,no,high,https://dwaprices.com/med.php?id=29815
Zaditen,زاديتين,ketotifen,1 mg,tablet,30 tablets,Novartis,allergy;respiratory,antihistamine + mast cell stabilizer,allergy and asthma prevention,no,no,high,http://egyptiandrugstore.com/index.php?route=product/product&product_id=1945
Zakan,زاكان,ketoconazole,2%,cream,,,dermatology;antifungal,imidazole antifungal,fungal skin infection,no,no,high,https://gardeniapharmacies.com/en/?s=ketoconazole
Zaldiar,زالديار,tramadol;paracetamol,37.5/325 mg,tablet,,Grunenthal,analgesic,opioid analgesic + paracetamol,moderate to severe pain relief,no,yes,medium,
Zinnat,زينات,cefuroxime,250 mg,film-coated tablet,,GSK,antibiotic,second-generation cephalosporin,bacterial infections,no,no,medium,
Zinnat,زينات,cefuroxime,500 mg,film-coated tablet,,GSK,antibiotic,second-generation cephalosporin,bacterial infections,no,no,medium,
Zinnat,زينات,cefuroxime,125 mg/5 mL,powder for oral suspension,,GSK,antibiotic,second-generation cephalosporin,bacterial infections,no,no,medium,
Zintard,زينتارد,zinc sulfate,50 mg,tablet,30 tablets,,vitamins-supplements,zinc supplement,zinc deficiency and immune support,no,no,high,https://dwaprices.com/ause.php?id=46
Zithrokan,زيثروكان,azithromycin,100 mg/5 mL,powder for oral suspension,15 mL,,antibiotic,macrolide,bacterial infections,no,no,high,https://dwaprices.com/ause.php?id=10
Zithromax,زيثروماكس,azithromycin,500 mg,film-coated tablet,,Pfizer,antibiotic,macrolide,bacterial infections,no,no,medium,
Zithromax,زيثروماكس,azithromycin,200 mg/5 mL,powder for oral suspension,,Pfizer,antibiotic,macrolide,bacterial infections,no,no,medium,
Zocor,زوكور,simvastatin,20 mg,film-coated tablet,,MSD,lipid,statin (hmg-coa reductase inhibitor),lower cholesterol,no,no,medium,
Zocor,زوكور,simvastatin,40 mg,film-coated tablet,,MSD,lipid,statin (hmg-coa reductase inhibitor),lower cholesterol,no,no,medium,
Zofran,زوفران,ondansetron,8 mg/4 mL,injection,5 ampoules,GSK,gastric,5-HT3 receptor antagonist,nausea and vomiting,no,no,high,https://dwaprices.com/med.php?id=12914
Zolam,زولام,alprazolam,0.5 mg,tablet,30 tablets,,psychiatric,benzodiazepine anxiolytic,anxiety,no,yes,medium,
Zovirax,زوفيراكس,acyclovir,5%,cream,10 g,GSK,dermatology;antiviral,antiviral,cold sores and herpes skin infection,no,no,high,http://egyptiandrugstore.com/index.php?route=product/product&product_id=5101
Zovirax,زوفيراكس,acyclovir,3%,eye ointment,4.5 g,GSK,ophthalmic;antiviral,antiviral,viral eye infection,no,no,medium,
Zovirax,زوفيراكس,acyclovir,200 mg/5 mL,powder for oral suspension,125 mL,GSK,antiviral,nucleoside analogue,herpes virus infections,no,no,high,https://dwaprices.com/ause.php?id=12
Zovirax,زوفيراكس,acyclovir,400 mg/5 mL,powder for oral suspension,100 mL,GSK,antiviral,nucleoside analogue,herpes virus infections,no,no,high,https://dwaprices.com/ause.php?id=12
Zovirax,زوفيراكس,acyclovir,400 mg,tablet,10 tablets,GSK,antiviral,nucleoside analogue,herpes virus infections,no,no,high,https://dwaprices.com/ause.php?id=12
Zyloric,زايلوريك,allopurinol,100 mg,tablet,30 tablets,GSK,musculoskeletal,xanthine oxidase inhibitor,"lowers uric acid, prevents gout",no,no,high,http://egyptiandrugstore.com/index.php?route=product%2Fproduct&product_id=4241
Zyloric,زايلوريك,allopurinol,300 mg,tablet,30 tablets,GSK,musculoskeletal,xanthine oxidase inhibitor,"lowers uric acid, prevents gout",no,no,high,https://tdawi.com/en_eg/zyloric-300-mg-30-tablets
Zyprexa,زيبريكسا,olanzapine,10 mg,film-coated tablet,28 tablets,Eli Lilly,psychiatric,atypical antipsychotic,schizophrenia and bipolar disorder,no,no,high,https://dwaprices.com/med.php?id=12959
Zyprexa,زيبريكسا,olanzapine,5 mg,film-coated tablet,28 tablets,Eli Lilly,psychiatric,atypical antipsychotic,schizophrenia and bipolar disorder,no,no,high,https://dwaprices.com/med.php?id=12960
Zyprexa Velotab,زيبريكسا فيلوتاب,olanzapine,10 mg,orally disintegrating tablet,28 tablets,Eli Lilly,psychiatric,atypical antipsychotic,schizophrenia and bipolar disorder,no,no,high,https://dwaprices.com/med.php?id=12958
Zyrtec,زيرتك,cetirizine,10 mg,film-coated tablet,20 tablets,GlaxoSmithKline,allergy,antihistamine,allergy symptom relief,no,no,high,http://egyptiandrugstore.com/index.php?route=product/product&product_id=2641
Zyrtec,زيرتك,cetirizine,10 mg/mL,oral drops,10 mL,GlaxoSmithKline,allergy,antihistamine,allergy symptom relief (children),no,no,high,http://egyptiandrugstore.com/index.php?route=product/product&product_id=3195
Zyrtec,زيرتك,cetirizine,5 mg/5 mL,syrup,100 mL,GlaxoSmithKline,allergy,antihistamine,allergy symptom relief (children),no,no,high,http://egyptiandrugstore.com/index.php?route=product/product&product_id=3194
